Oferta od,Kategoria,Pokaż oferty z numerem VIN,Ma numer rejestracyjny,Marka pojazdu,Model pojazdu,Wersja,Generacja,Rok produkcji,Przebieg,Pojemność skokowa,Rodzaj paliwa,Moc,Skrzynia biegów,Autonomia,Napęd,Pojemność baterii,Rodzaj własności baterii,Emisja CO2,Filtr cząstek stałych,Spalanie W Mieście,Typ nadwozia,Liczba drzwi,Liczba miejsc,Kolor,Metalik,Rodzaj koloru,Kierownica po prawej (Anglik),Kraj pochodzenia,Leasing,VAT marża,Faktura VAT,Okres gwarancji producenta,Możliwość finansowania,Pierwsza rejestracja,Zarejestrowany w Polsce,Pierwszy właściciel,Bezwypadkowy,Serwisowany w ASO,Stan,ABS,Apple CarPlay,Android Auto,Boczne poduszki powietrzne - tył,Boczna poduszka powietrzna kierowcy,CD,Centralny zamek,Elektryczne szyby przednie,Elektrycznie ustawiany fotel pasażera,Elektrycznie ustawiane lusterka,Immobilizer,Poduszka powietrzna kierowcy,Poduszka powietrzna pasażera,Radio fabryczne,Wspomaganie kierownicy,Alarm,Alufelgi,ASR (kontrola trakcji),Alarm ruchu poprzecznego z tyłu pojazdu,Asystent parkowania,Asystent hamowania awaryjnego w mieście,Asystent hamowania - Brake Assist,Aktywny asystent zmiany pasa ruchu,Asystent jazdy w korku,Aktywne rozpoznawanie znaków ograniczenia prędkości,Asystent (czujnik) martwego pola,Asystent świateł drogowych,Asystent zapobiegania kolizjom na skrzyzowaniu,Asystent pasa ruchu,Automatyczna kontrola zjazdu ze stoku,Boczne poduszki powietrzne - przód,Cyfrowy kluczyk,Czujnik deszczu,Czujnik martwego pola,Czujnik zmierzchu,Czujniki parkowania przednie,Czujniki parkowania tylne,Dach panoramiczny,Dach otwierany elektrycznie,Dostęp do internetu,Dynamiczne światła doświetlające zakręty,Dźwignia zmiany biegów wykończona skórą,Ekran dotykowy,Elektrochromatyczne lusterka boczne,Elektrochromatyczne lusterko wsteczne,Elektryczne szyby tylne,Elektrycznie ustawiane fotele,Elektryczny hamulec postojowy,Elektroniczny system rozdziału siły hamowania,Elektroniczna kontrola ciśnienia w oponach,Elektroniczna regul. charakterystyki zawieszenia,Elektrycznie ustawiany fotel kierowcy,ESP,Felgi aluminiowe od 21,Felgi aluminiowe 19,Fotele przednie wentylowane,Fotele przednie z funkcje masażu,Funkcja szybkiego ładowania,Gniazdo AUX,Gniazdo SD,Gniazdo USB,Hak,Hamulce z kompozytów ceramicznych,HUD (wyświetlacz przezierny),Interfejs Bluetooth,Isofix,Kabel do ładowania,Kamera panoramiczna 360,Kamera cofania,Kamera parkowania tył,Kamera w lusterku bocznym,Kierownica ze sterowaniem radia,Kierownica skórzana,Kierownica wielofunkcyjna,Kierownica sportowa,Kierownica ogrzewana,Klimatyzacja automatyczna,Klimatyzacja czterostrefowa,Klimatyzacja automatyczna: 3 strefowa,Klimatyzacja dwustrefowa,"Klimatyzacja automatyczna, dwustrefowa",Klimatyzacja automatyczna: 4 lub wiêcej strefowa,Klimatyzacja manualna,Klimatyzacja dla pasażerów z tyłu,Komputer pokładowy,Kontrola trakcji,Kontrola odległości od poprzedzającego pojazdu,Kontrola odległości z tyłu (przy parkowaniu),Kontrola odległości z przodu (przy parkowaniu),Kurtyny powietrzne - przód,Kurtyny powietrzne - tył,Keyless Go,Keyless entry,Lane assist - kontrola zmiany pasa ruchu,Lampy tylne w technologii LED,Lampy przednie w technologii LED,Lampy bi-ksenonowe,Lampy ksenonowe,Lampy doświetlające zakręt,Lampy przeciwmgielne,Lampy przeciwmgielne w technologii LED,Lusterka boczne ustawiane elektrycznie,Lusterka boczne składane elektrycznie,Ładowanie bezprzewodowe urządzeń,Łopatki zmiany biegów,MP3,Nawigacja GPS,Niezależny system parkowania,Odtwarzacz DVD,Ogranicznik prędkości,Ogrzewanie postojowe,Ogrzewane siedzenia tylne,Opony runflat,Opony letnie,Opony wielosezonowe,Oświetlenie drogi do domu,Oświetlenie wnętrza LED,Oświetlenie adaptacyjne,Park Assistant - asystent parkowania,Podgrzewana przednia szyba,Podgrzewane lusterka boczne,Podgrzewane przednie siedzenia,Podgrzewane tylne siedzenia,Podłokietniki - przód,Podłokietniki - tył,Poduszka powietrzna chroniąca kolana,Poduszki boczne przednie,Poduszki boczne tylne,Poduszka powietrzna centralna,Poduszka kolan kierowcy,Poduszka kolan pasażera,Poduszka powietrzna pasów bezpieczeństwa zm tyłu,Podgrzewany fotel pasażera,Przyciemniane szyby,Przyciemniane tylne szyby,Radio niefabryczne,Radio,Regulowane zawieszenie,Regul. elektr. podparcia lędźwiowego - kierowca,Regul. elektr. podparcia lędźwiowego - pasażer,Relingi dachowe,Rolety na bocznych szybach opuszczane ręcznie,Siedzenie z pamięcią ustawienia,Sportowe fotele - przód,Spryskiwacze reflektorów,Sterowanie funkcjami pojazdu za pomocą głosu,System minimalizujący skutki kolizji,System wspomagania hamowania,System ostrzegający o możliwej kolizji,System rekomendacji przerw podczas trasy,System powiadamiania o wypadku,System Start/Stop,System nawigacji satelitarnej,System odzyskiwania energii,System nagłośnienia,System hamowania awaryjnego dla ochrony pieszych,System rozpoznawania znaków drogowych,Szyberdach,Szyberdach szklany - przesuwny i uchylny elektrycz,Światła do jazdy dziennej,Światła LED,Światła do jazdy dziennej diodowe LED,Światła przeciwmgielne,Światła Xenonowe,Tapicerka skórzana,Tapicerka Alcantara,Tapicerka welurowa,Tempomat,Tempomat aktywny,Tempomat adaptacyjny ACC,Tuner TV,Uruchamianie silnika bez użycia kluczyków,Wielofunkcyjna kierownica,Wycieraczki,Wspomaganie ruszania pod górę- Hill Holder,Wyświetlacz typu Head-Up,Zmieniarka CD,Zawieszenie sportowe,Zawieszenie komfortowe,Zawieszenie powietrzne,Zawieszenie regulowane,Zewnętrzne oklejenie,Zestaw głośnomówiący,Zmiana biegów w kierownicy,Cena,Szczegóły ceny,Waluta
Prywatne,,Tak,Tak,Abarth,500,,,2013,87 600 km,1 368 cm3,Benzyna,160 KM,Manualna,,Na przednie koła,,,,,8 l/100km,Auta małe,3,4.0,Biały,,,,,,,,,,,Tak,,Tak,,Używane,1.0,,,,,,,1.0,,,,1.0,1.0,,1.0,,,,,,,,,,,,,,,,1.0,,,,,,,,,,,,1.0,,,,,,1.0,,,,1.0,,,,,,,,1.0,,,,1.0,,,,,,,,1.0,1.0,1.0,,,,,,,,1.0,,,1.0,,1.0,,1.0,,,,,,,,,,1.0,,1.0,,,,,,,,,,,,,,,,,,,1.0,,,1.0,,,,,,1.0,,,,,,,1.0,,,,,,,1.0,,,,1.0,,,,,,,1.0,,,,,1.0,,,,,,,,,,,,,,1.0,,,,1.0,,,,,1.0,,45000,,PLN
Prywatne,,Tak,Tak,Abarth,Grande Punto,,,2009,132 791 km,1 368 cm3,Benzyna,155 KM,Manualna,,Na przednie koła,,,,,,Auta małe,3,4.0,Biały,,Metalik,,Polska,,,,,Tak,,Tak,,,,Używane,,,,,,,,,,,,,,,,,,,,,,,,,,,,,,,,,,,,,,,,,,,,,,,,,,,,,,,,,,,,,,,,,,,,,,,,,,,,,,,,,,,,,,,,,,,,,,,,,,,,,,,,,,,,,,,,,,,,,,,,,,,,,,,,,,,,,,,,,,,,,,,,,,,,,,,,,,,,,,,,,,,,,,,,,,,,,,,,,,,,,,,,,34900,,PLN
Prywatne,,Tak,Tak,Abarth,500,,,2008,250 000 km,1 368 cm3,Benzyna+LPG,150 KM,Manualna,,Na przednie koła,,,,,,Auta miejskie,3,4.0,Biały,,Perłowy,,,,,,,,,Tak,,,,Używane,1.0,,,,,,,1.0,,,,,,,,,,,,,,,,,,,,,,,,,,,,,,,,,,,,,,,,,,,,,1.0,,,,,,,,1.0,,,,,,,,,,,1.0,,,,,1.0,,,,,,,,,,,,,,,,,,,,,,,,,,,,,,,,,,,,,,,,,,,,,,,,,,,,,,,,,,,,1.0,,,,,,,,,,,,,,,,,,,,,,1.0,,,,,,,,,,,,,,,,,,,1.0,,,,,,,35500,,PLN
Prywatne,,Tak,Tak,Abarth,595,,,2019,60 000 km,1 368 cm3,Benzyna,165 KM,Manualna,,Na przednie koła,,,,,,Kabriolet,3,4.0,Biały,,Perłowy,,Francja,,,,,,,Tak,,Tak,Tak,Używane,1.0,,,,1.0,,,1.0,,,,1.0,1.0,,1.0,,,,,,,,,,,,,,,,1.0,,,,,,,,1.0,,,,1.0,,,,,,,1.0,,,1.0,,,,,,,,1.0,,,,1.0,,,,,,,1.0,1.0,1.0,1.0,,1.0,,,,,,,,,1.0,,1.0,,,,,,,,,,,,1.0,,1.0,,,,,,,,,,,,,,,,,,,1.0,,,,,,,,,,,,,,,,1.0,,,,,,,1.0,,,,,,,,,1.0,,1.0,,,,,1.0,,1.0,,,1.0,,,,,,,,,1.0,,,,,,,,,1.0,,77900,,PLN
Prywatne,,Tak,Tak,Abarth,595,,,2015,156 000 km,1 368 cm3,Benzyna,235 KM,Manualna,,Na przednie koła,,,,,,Auta małe,3,4.0,Biały,,,,Austria,,,,,,,Tak,,,,Używane,,1.0,1.0,,,,,1.0,,,,,,,,,,,,,,,,,,,,,,,,,,,,,,,,,,,1.0,,,,,,,,,,,,,,,,,,1.0,,,,1.0,,,,,,,1.0,,1.0,,,1.0,,,,,,,,,,,,,,,,,,,,,,,,,,,,,,,,,,,,,,,,,,,,,,,,,,,,,,,,,,1.0,,1.0,,,,,,,1.0,,,,,,,,,,,,,,,,,,,,,,,,,,,,,,1.0,,,,1.0,,,,,1.0,,65700,,PLN
Firma,,,,Abarth,500,,,2023,,,Elektryczny,155 KM,Automatyczna,,Na przednie koła,,,,,,Kabriolet,3,3.0,Zielony,,,,,Tak,,Tak,,Tak,,,,Tak,,Nowe,1.0,,,,,,,1.0,,,,,1.0,,1.0,,,,,,,,,,,1.0,,,,,1.0,,,,,,,,,,,,,,,,,,,,,,1.0,,,,,,,,,,,,1.0,,,,,1.0,1.0,,,,,,1.0,,,,,,,,,1.0,,1.0,,,,,,1.0,,,,,,1.0,,1.0,,,,,,,,1.0,,,,,,,,,,,1.0,,,,,,,,,,,,1.0,,1.0,,,,,,,,,,,,,,,,,1.0,1.0,,,,,,,1.0,,,,,1.0,,,1.0,,,,,,,,,,,,,,,,,174900,,PLN
Prywatne,,Tak,Tak,Abarth,595,,,2021,43 000 km,1 368 cm3,Benzyna,180 KM,Manualna,,Na przednie koła,,,,,"9,10 l/100km",Auta małe,3,4.0,Zielony,,,,Polska,,,,31 Grudnia 2025,,,Tak,,Tak,Tak,Używane,1.0,1.0,1.0,,,,,1.0,,,,1.0,1.0,,1.0,,,,,,,,,,,,,,,,1.0,,,,,,,,,,,,1.0,,,,,,1.0,,,,1.0,,,,,,,,1.0,,,,1.0,,,,,,,1.0,1.0,,,,1.0,,,,,,,,,1.0,,,,1.0,,,,,,,,,,1.0,,,,,,,,,,,,,,,,,,,,,1.0,,,,,,,,,,1.0,,,,1.0,,1.0,,,,,,,,,,,1.0,,,,,1.0,,,,,,,,,,,,,,,,,,,,,,1.0,,,1.0,,,,,,,110000,,PLN
Prywatne,,Tak,Tak,Abarth,500,595 1.4 T-Jet 16v MTA,,2017,58 000 km,1 368 cm3,Benzyna,145 KM,Automatyczna,,Na przednie koła,,,134 g/km,,7 l/100km,Auta małe,3,4.0,Szary,,Metalik,,Francja,,,,,,,,,,,Używane,1.0,,,,,,,1.0,,,,1.0,1.0,,1.0,,,,,,,,,,,,,,,,1.0,,,,,,,,1.0,,,,1.0,,,,,,,1.0,,,1.0,,,,,,,,1.0,,,,1.0,,,,,,,1.0,1.0,1.0,1.0,,1.0,,,,,,,,,1.0,,1.0,,1.0,,,,,,,,,,1.0,,1.0,,,,,,,,,,,,,,1.0,,,,,1.0,,,,,,,,,,1.0,,,,,,1.0,,,,,,,,,,,1.0,,,,,1.0,,,,,,1.0,,,1.0,,,,,,1.0,,,,,,1.0,1.0,,,,,,,,1.0,1.0,64999,,PLN
Firma,,Tak,Tak,Abarth,595,,,2022,3 440 km,1 368 cm3,Benzyna,165 KM,Manualna,,Na przednie koła,,,,,,Kompakt,3,4.0,Szary,,Metalik,,,,Tak,,,Tak,,,,Tak,,Używane,1.0,,,,,,,1.0,,,,,1.0,,1.0,,,,,,,,,,,,,,,,1.0,,,,,,,,,,,,,,,,,,,,,,1.0,,,,,,,,1.0,,,,1.0,,,,,,,,,,,,1.0,,,,,,,,,1.0,,1.0,,,,,,,,,,1.0,,1.0,,1.0,,,,,,,,,,,,,,,,,,,1.0,,,,,,,,,1.0,,,,,1.0,,1.0,,,,,,,,,,,,,,,,,,,,,,,1.0,,,,,1.0,,,,,,,,,,,,,,,,,,,,104900,,PLN
Prywatne,,Tak,Tak,Abarth,500,595 1.4 T-Jet 16v,,2017,70 000 km,1 368 cm3,Benzyna,145 KM,Manualna,,Na przednie koła,,,,,,Auta małe,3,4.0,Biały,,,,Polska,,,,,,,Tak,,Tak,Tak,Używane,1.0,,,,,,,1.0,,,,1.0,1.0,,1.0,,,,,,,,,,,,,,,,1.0,,,,,,,,,,,,1.0,,,,,,,1.0,,,1.0,,,,,,,,1.0,,,,1.0,,,,,,,1.0,1.0,,1.0,,1.0,,,,,,,,,1.0,,,,1.0,1.0,,,,,,,,,,,1.0,,,,,,,,,,,,,,1.0,,,,,1.0,,,,,,,,,,1.0,,,,1.0,,1.0,,,,,,,1.0,,,,1.0,,,,,,,,,,,,,,1.0,,,,,,,,,,,,,1.0,,,,,,,,,,69900,,PLN
Prywatne,,Tak,Tak,Abarth,595,,,2018,38 000 km,1 400 cm3,Benzyna,165 KM,Manualna,,Na przednie koła,,,,,,Auta małe,3,4.0,Szary,,Metalik,,Francja,,,,,,,,,,,Używane,,,1.0,,,,,1.0,,,,,,,,,,,,,,,,,,,,,,,,,,,,,,,,1.0,,,1.0,,,,,,,,,,,,,,,,,,1.0,,,,1.0,,,,,,,,,,,,1.0,,,,,,,,,,,,,,,,,,,,,,,,,,,,,,,,,,,,,,,,,,,,,,,,,,,,,,,,,,,,1.0,,,,,,,,,,,,,,,,,,,,,,,,,,,,,1.0,,,,,,,,,,,,1.0,,,,,1.0,,70000,,PLN
Prywatne,,Tak,Tak,Abarth,Punto Evo,,,2013,142 000 km,1 399 cm3,Benzyna,180 KM,Manualna,,Na przednie koła,,,,,,Auta małe,3,5.0,Szary,,Metalik,,Belgia,,,,,,,,,Tak,Tak,Używane,1.0,,,,,,,1.0,,,,,,,1.0,,,,,,,,,,,,,,,,,,1.0,,,,,,,,,1.0,,,,,,,,,,,1.0,,,,,,,,1.0,,,,,,,,,,,1.0,1.0,1.0,1.0,,,,,,1.0,,,,,1.0,,,,,,,,,1.0,,,,1.0,1.0,,,,,,,,,,,,,,,,,1.0,,,,1.0,,,1.0,1.0,,,,,,,,,,1.0,,1.0,,,,,,,1.0,,,,1.0,,,,1.0,,,1.0,,,,,1.0,,,,,,1.0,,1.0,,,,,,1.0,,,,1.0,,,,,1.0,,43900,,PLN
Prywatne,,Tak,Tak,Abarth,595,,,2019,41 500 km,1 368 cm3,Benzyna,252 KM,Manualna,,Na przednie koła,,,,,,Auta małe,3,4.0,Czarny,,Metalik,,Polska,,,,,,,Tak,,Tak,,Używane,1.0,1.0,1.0,,,,,,,,,,1.0,,,,,,,,,,,,,,,,,,,,,,1.0,,,,,,,,1.0,,,,,,1.0,,,,1.0,,,,,,,,1.0,,,,1.0,,,,,,,1.0,,1.0,1.0,,1.0,,,,,,,,,1.0,,1.0,,,,,,,,,,,,,,,,,,,,,,,,,,,,,,,,,,,,,,,,,,,1.0,,,,1.0,,1.0,,,,,,,,1.0,1.0,,1.0,,,,,,,1.0,,,,,1.0,,,,,,,,,,,,,,,1.0,,,1.0,,,,,1.0,,130000,,PLN
Prywatne,,Tak,Tak,Abarth,595,,,2018,52 000 km,1 400 cm3,Benzyna,145 KM,Automatyczna,,,,,,,,Kabriolet,3,,Szary,,,,Francja,,,,,,,,,,,Używane,1.0,,,,,,,1.0,,,,1.0,1.0,,1.0,,,,,,,,,,,,,,,,,,,,,,,,,,,,,,,1.0,,1.0,,,,,,,,,,,,,1.0,,,,,,,,,,,,1.0,1.0,,,,,,,1.0,,,,,,,1.0,,,,,,,,,,1.0,,,,,,,,,,,,,,,,,,,,,,1.0,,,,,,,,,,,,,,,,,1.0,,,,,,,1.0,,,,,,,,,1.0,,,,,,,,,,,,,,,1.0,,,,,,,,,,,,,,,,,77700,,PLN
Prywatne,,Tak,,Abarth,595,,,2019,52 000 km,1 368 cm3,Benzyna,165 KM,Manualna,,Na przednie koła,,,,,,Auta małe,3,4.0,Biały,,,,Polska,,,,,,,Tak,,Tak,Tak,Używane,1.0,1.0,1.0,,,,,1.0,,,,1.0,1.0,,1.0,,,,,,,,,,,,,,,,,,,,1.0,,,,,,,,1.0,,,,,,,1.0,,,1.0,,,,,,,,1.0,,,,1.0,,,,,,,1.0,1.0,1.0,1.0,,1.0,,,,,,,,,1.0,,1.0,,,,,,,1.0,,,,,,,1.0,,,,,,,,,,,,,,,,,,,1.0,,,,,,,,,,,,,,,,1.0,,,,,,,1.0,,1.0,,,,,,,,,,,,,,,,1.0,,,1.0,,,,,,,,,1.0,1.0,,,,,,,,1.0,,82410,,PLN
Prywatne,,Tak,Tak,Abarth,Grande Punto,,,2008,128 200 km,1 368 cm3,Benzyna,180 KM,Manualna,,Na przednie koła,,,,,,Coupe,3,5.0,Czerwony,,,,Szwajcaria,,,,,,,Tak,,,,Używane,1.0,,,,,,,1.0,,,,1.0,1.0,,1.0,,,,,,,,,,,,,,,,,,1.0,,,,,,,,,1.0,,,,,,,,,,,,,,,,,,,1.0,,,,1.0,,,,,,,,,1.0,1.0,,1.0,,,,,,,,,,,,,1.0,,,,,1.0,,,,,,,1.0,,,,,,,,,,,,,,,,,,,1.0,,,1.0,,,,,,,,,,,1.0,,1.0,,,,,,,1.0,,,,,,,1.0,,,,1.0,,,,,,,1.0,,,,,,,,,,,,1.0,,,,,,,,,1.0,,35900,,PLN
Firma,,Tak,,Abarth,595,,,2016,39 000 km,1 368 cm3,Benzyna,145 KM,Manualna,,Na przednie koła,,,,,,Auta miejskie,3,4.0,Biały,,,,Polska,,Tak,,,,,Tak,,Tak,Tak,Używane,1.0,,,,,,,1.0,,,,1.0,1.0,,,,,,,,,,,,,,,,,,1.0,,,,,,,,,,,,,,,,,,,,,,1.0,,,,,,,,1.0,,,,1.0,,,,,,,,1.0,1.0,,,1.0,,,,,,,,,1.0,,,,1.0,,,,,,,,1.0,,,,1.0,,,,,,,,,,,,,,,,,,,,,,,,,,,,1.0,,,,,,,1.0,,,,,,,,,,,,,,,,1.0,,,,,,,1.0,,,,,,,,,,,,,,,1.0,,,,,,,,,,69900,,PLN
Firma,,Tak,Tak,Abarth,595,,,2020,30 600 km,1 368 cm3,Benzyna,145 KM,Manualna,,Na przednie koła,,,,,,Auta miejskie,3,4.0,Czerwony,,,,Polska,Tak,,Tak,,Tak,,Tak,,,,Używane,1.0,1.0,1.0,,,,,1.0,,,,1.0,1.0,,1.0,,,,,,,,,,,,,,,,1.0,,,,,,,,,,,,1.0,,,,,,,,,,1.0,,,,,,,,1.0,,,,1.0,,,,,,,1.0,1.0,1.0,1.0,,1.0,,,,,,,,,1.0,,1.0,,1.0,,,,,,,,,,,,1.0,,,,,,,,,,,,,,,,,,,,,,,,,,,,1.0,,,,,,,,,,,,,,1.0,,,,,,,,1.0,,,,,,,,1.0,,,,,,,,,,,,,,,,,,,,,,,1.0,,84800,,PLN
Prywatne,,Tak,,Abarth,595,,,2017,73 500 km,1 368 cm3,Benzyna,145 KM,Manualna,,Na przednie koła,,,,,,Auta miejskie,3,4.0,Żółty,,,,Polska,,,,,,,Tak,,Tak,Tak,Używane,1.0,1.0,1.0,,1.0,,,1.0,,,,1.0,1.0,,1.0,,,,,,,,,,,,,,,,1.0,,,,,,,,,1.0,,1.0,1.0,,,,,,,1.0,,,1.0,,,,,,,,1.0,,,,1.0,,,,,,,1.0,1.0,1.0,1.0,,1.0,,,,,,,,,1.0,,1.0,,1.0,,,,,,,,,,1.0,,1.0,,,,,,,,,,,,1.0,,,,,,,1.0,,,,,,,,,1.0,,,,,,,1.0,,,,,,,1.0,,1.0,,,,,,,1.0,,1.0,,,,,1.0,,1.0,,,,1.0,,,,,,,,1.0,1.0,,,,,,,,1.0,,60999,,PLN
Prywatne,,Tak,Tak,Abarth,595,,,2022,1 900 km,1 368 cm3,Benzyna,165 KM,Manualna,,Na przednie koła,,,,,,Auta małe,3,4.0,Biały,,Metalik,,Polska,,,,22 Grudnia 2025,,,Tak,,Tak,Tak,Używane,,,1.0,,,,,1.0,,,,,,,,,,,,,,,,,,,,,,,,,1.0,,,,,,,,,,1.0,,,,,,,,,,,,,,,,,,1.0,,,,1.0,,,,,,,1.0,,1.0,1.0,,1.0,,,,,,,,,,,1.0,,,,,,,,,1.0,,,,,,,,,,,,,,,,,1.0,,,,,,,,,,,,,,,,,,,,,1.0,,1.0,,,,,,,,,,,,,,,,1.0,,1.0,,,,,,,,,,1.0,,,,,,,,,1.0,,,,1.0,,,,,1.0,,108900,,PLN
Prywatne,,Tak,,Abarth,595,,,2017,75 000 km,1 395 cm3,Benzyna,150 KM,Manualna,,Na przednie koła,,,,,,Auta małe,3,4.0,Czarny,,Metalik,,,,,,,,,,,,,Używane,,1.0,1.0,,,,,1.0,,,,,,,,,,,,,,,,,,,,,,,,,,,,,,,,,,,,,,,,,,,,,,,,,,,,,1.0,,,,1.0,,,,,,,1.0,1.0,,1.0,,,,,,,,1.0,,,,,,,,,,,,,,,,,,,,,,,,,,,,,,,,,,,,,,,,,,,,,,,,,,,,,,1.0,,,,,,,1.0,,,,,,,,,1.0,,1.0,,,,,,,,,,,1.0,,,,,,,,1.0,,,,,,,,,1.0,,53700,,PLN
Firma,,Tak,Tak,Abarth,595,,,2017,95 000 km,1 368 cm3,Benzyna,146 KM,Manualna,,Na przednie koła,,,,,,Auta miejskie,3,4.0,Szary,,Metalik,,,,Tak,,,Tak,,,,,,Używane,1.0,1.0,1.0,,,,,,,,,1.0,1.0,,1.0,,,,,,,,,,,,,,,,,,1.0,,1.0,,,,,,,,1.0,,,,,,,,,,1.0,,,,,,,,1.0,,,,1.0,,,,,,,,1.0,1.0,1.0,,,,,,,,1.0,,,1.0,,,,,,,,,,,,1.0,,1.0,,,,,,,,,,,,,,,,,,,,,,,,,,,,,,,,,,,,,1.0,,,,,,,,,,,,,,,,1.0,,,,,,,1.0,,,,,,,,,,,,,,,,,,,,,,,1.0,,55900,,PLN
Prywatne,,Tak,,Abarth,595,,,2018,39 000 km,1 400 cm3,Benzyna,145 KM,Automatyczna,,,,,,,,Auta miejskie,3,,Biały,,,,Polska,,,,,,,Tak,,Tak,Tak,Używane,,,,,,,,,,,,,,,,,,,,,,,,,,,,,,,,,,,,,,,,,,,,,,,,,,,,,,,,,,,,,,,,,,,,,,,,,,,,,,,,,,,,,,,,,,,,,,,,,,,,,,,,,,,,,,,,,,,,,,,,,,,,,,,,,,,,,,,,,,,,,,,,,,,,,,,,,,,,,,,,,,,,,,,,,,,,,,,,,,,,,,,,,78500,,PLN
Prywatne,,Tak,Tak,Abarth,Grande Punto,,,2008,190 300 km,1 368 cm3,Benzyna,155 KM,Manualna,,Na przednie koła,,,,,,Kompakt,3,4.0,Czarny,,Metalik,,Szwajcaria,,,,,,,Tak,,,,Używane,1.0,,,,,,,,,,,,,,,,,,,,,,,,,,,,,,,,1.0,,,,,,,,,,,,,,,,,,,,1.0,,,,,,,,,,,,,,,,,,,1.0,,1.0,,,1.0,,,,,,,,,,,,,,,,,,,,,,,,,,,,,,,,,,,,,,,,,,,,,,,,,,,,,,,,,,1.0,,1.0,,,,,,,1.0,,,,,,,,,,,,,,,,,,,,,,,,,,,,,,1.0,,,,,,,,,,,22500,,PLN
Prywatne,,Tak,Tak,Abarth,595,,,2019,24 500 km,1 368 cm3,Benzyna,160 KM,Manualna,,,,,,,,Auta małe,3,4.0,Szary,,,,Polska,,,,,,,,,,,Używane,,,,,,,,,,,,,,,,,,,,,,,,,,,,,,,,,,,,,,,,,,,,,,,,,,,,,,,,,,,,,,,,,,,,,,,,,,,,,,,,,,,,,,,,,,,,,,,,,,,,,,,,,,,,,,,,,,,,,,,,,,,,,,,,,,,,,,,,,,,,,,,,,,,,,,,,,,,,,,,,,,,,,,,,,,,,,,,,,,,,,,,,,76500,,PLN
Prywatne,,Tak,Tak,Abarth,500,,,2011,112 000 km,1 368 cm3,Benzyna,145 KM,Automatyczna,,Na przednie koła,,,,,,Auta małe,3,4.0,Szary,,Metalik,,Szwajcaria,,,,,,,Tak,,,Tak,Używane,1.0,,,,1.0,,,1.0,,,,1.0,,,1.0,,,,,,,,,,,,,,,,,,,,,,,,1.0,,,,,,,,,,1.0,,,,1.0,,,,,,,,1.0,,,,1.0,,,,,,,1.0,1.0,1.0,1.0,,1.0,,,,,,,,,,,1.0,,1.0,,,,,,,,1.0,,,,,,,,,,,,1.0,,,,1.0,,,,,,,,,,,,,,,1.0,1.0,1.0,,,,1.0,,,,,,,,,,1.0,,,1.0,,,,,,,,,,,1.0,1.0,,,,,,,,,,,,,,1.0,,,,1.0,,,1.0,,,1.0,49900,,PLN
Firma,,Tak,Tak,Abarth,500,,,2013,93 000 km,1 368 cm3,Benzyna,200 KM,Manualna,,Na przednie koła,,,,,,Auta małe,3,4.0,Czarny,,Perłowy,,,,Tak,,,Tak,,Tak,,,,Używane,1.0,,,,1.0,,,1.0,,,,1.0,1.0,,1.0,,,,,,,,,,,,,,,,,,,,,,,1.0,,,,,,,,,,,,,,,1.0,,,,,,,,1.0,,,,1.0,,,,,,,1.0,1.0,1.0,1.0,,,,,,,,1.0,,,1.0,,1.0,,,,,,,,,,,,1.0,,1.0,,,,,,,,1.0,,,,,,,,,,1.0,1.0,,,1.0,,,,,,1.0,,,1.0,,,,1.0,,,,,,,1.0,,,,1.0,,,,,,,,,,,,1.0,,,,,,1.0,,1.0,,,,,,1.0,,,,1.0,1.0,,,,1.0,,52500,,PLN
Prywatne,,Tak,Tak,Abarth,595,,,2016,151 000 km,1 400 cm3,Benzyna,180 KM,Automatyczna,,Na przednie koła,,,,,,Kabriolet,3,4.0,Czarny,,Metalik,,Niemcy,,,,,,,Tak,,Tak,,Używane,1.0,,,,,,,1.0,,,,,,,1.0,,,,,,,,,,,,,,,,,,,,1.0,,,,1.0,,,,1.0,,,,,,,1.0,,,1.0,,,,,,,,1.0,,,,1.0,,,,,,,1.0,1.0,1.0,1.0,,1.0,,,,,,,,,1.0,,,,,,,,,1.0,,,1.0,,1.0,,1.0,,,,,,1.0,,,,1.0,,,1.0,,,,,,,,,,,,,,,,,,1.0,,1.0,,1.0,,,,,,,1.0,1.0,1.0,,,,,,,1.0,,1.0,,,,,1.0,,1.0,,,,,,,,,,,,1.0,,,,1.0,,,,,1.0,1.0,83900,,PLN
Firma,,Tak,,Abarth,595,,,2019,91 453 km,1 368 cm3,Benzyna,163 KM,Manualna,,Na przednie koła,,,,,,Coupe,3,4.0,Czerwony,,,,,Tak,Tak,,,Tak,,,,,Tak,Używane,1.0,1.0,1.0,,,,,1.0,,,,1.0,1.0,,1.0,,,,,,,,,,,,,,,,,,1.0,,,,,,,,,,1.0,,,,,,1.0,,,,1.0,,,,,,,,1.0,,,,1.0,,,,,,,1.0,1.0,1.0,1.0,,1.0,,,,,,,,,1.0,,1.0,,1.0,1.0,,,,1.0,1.0,,,,,,,,,,,,,,,,,,1.0,,,,,,,,,,,,,,,,,,,,,1.0,,1.0,,,,,,,1.0,,,,,,,,,1.0,,,,,,,,,1.0,,,,,,1.0,,,,,,,,,,1.0,,,,,1.0,,74900,,PLN
Firma,,,,Abarth,Inny,,,2023,1 km,,Elektryczny,155 KM,Automatyczna,250 km,Na przednie koła,42 kWh,W cenie,,,,Auta małe,3,4.0,Czarny,,Matowy,,,,,,,,,,,Tak,,Nowe,1.0,1.0,1.0,,,,,1.0,,,,1.0,1.0,,1.0,,,,,,,1.0,,,,1.0,,,,,1.0,,1.0,,1.0,,,,,,,,1.0,,,,,1.0,,1.0,,,1.0,,,,,1.0,,,1.0,,,,1.0,,1.0,,,1.0,,1.0,1.0,1.0,1.0,,1.0,,,,,,,,,,1.0,1.0,1.0,1.0,1.0,1.0,1.0,1.0,1.0,,,,,,,1.0,,1.0,,,,,,1.0,,,,,,,,,,1.0,1.0,,,1.0,,,,,,,,,1.0,,1.0,,1.0,,,,,,,1.0,,,,,1.0,,1.0,,1.0,1.0,1.0,,1.0,,,,,1.0,,,,1.0,,,,,,1.0,,1.0,1.0,,,,,,,,1.0,,188200,,PLN
Firma,,Tak,,Abarth,595,,,2014,111 814 km,1 368 cm3,Benzyna,160 KM,Manualna,,,,,,,,Kabriolet,2,,Czarny,,Metalik,,,,,,,,,,,,,Używane,,,,,,,,1.0,,,,,,,,,,,,,,,,,,,,,,,,,,,,,,,1.0,,,,,,,,,,,,,,,,,,,,,,,,,,,,,,,,,1.0,1.0,1.0,1.0,,,,,,,,,,,1.0,,1.0,,,,,,,,,,,,,,1.0,,,,,,,,,,,1.0,1.0,,,,,,,,,,1.0,,,,,,,,,,,,,1.0,,,,,,,1.0,1.0,1.0,,,,,,,,,,,,,,1.0,,,,,,,,,,,,,,1.0,,,,1.0,,,,,1.0,,62000,,PLN
Firma,,Tak,Tak,Abarth,695,,,2017,3 411 km,1 368 cm3,Benzyna,180 KM,Manualna,,Na przednie koła,,,,,,Kabriolet,2,4.0,Granatowy,,Metalik,,Niemcy,,,Tak,,,,,,Tak,Tak,Używane,1.0,1.0,,,1.0,,,1.0,,,,1.0,1.0,,1.0,,,,,,,,,,,,,,,,1.0,,1.0,,1.0,,,1.0,1.0,,,,1.0,,,,,,1.0,1.0,,,1.0,,,,,,,,1.0,,,,1.0,,,,,,,1.0,1.0,1.0,1.0,,1.0,,,,,,,,,1.0,,,,1.0,,,,,1.0,,,,,1.0,,1.0,,,,,,,,1.0,,,,1.0,,,,,,,1.0,,,,,,,,,,,,,,,,1.0,,,,,,,1.0,,,,,,,,,1.0,,1.0,,,,,,,1.0,,,1.0,,,1.0,,,,,,1.0,1.0,,,1.0,,,,,1.0,,215004,,PLN
Prywatne,,Tak,Tak,Abarth,500,595 1.4 T-Jet 16v MTA,,2011,149 000 km,1 368 cm3,Benzyna,145 KM,Automatyczna,,Na przednie koła,,,134 g/km,,7 l/100km,Kabriolet,3,4.0,Szary,,Metalik,,Niemcy,,,,,,,Tak,,Tak,Tak,Używane,1.0,,,,,,,1.0,,,,1.0,1.0,,1.0,,,,,,,,,,,,,,,,1.0,,,,,,,,1.0,,,,,,,,,,1.0,,,,1.0,,,,,,,,1.0,,,,1.0,,,,,,,1.0,1.0,1.0,1.0,,1.0,,,,,,,,,1.0,,1.0,,1.0,,,,,,,1.0,,,1.0,,1.0,,,,,,,,,,,,1.0,,1.0,,,,,1.0,,,,,,,,,,1.0,,,,1.0,,1.0,,,,,,,1.0,1.0,,,1.0,,,,,,,1.0,,,,,,,1.0,,,1.0,,,,,,,,,,1.0,,,1.0,,,,,1.0,1.0,44999,,PLN
Firma,,,,Abarth,Inny,,,2023,1 km,,Elektryczny,155 KM,Automatyczna,,Na przednie koła,42 kWh,W cenie,,,,Auta małe,3,4.0,Zielony,,Matowy,,,,,,,,,,,Tak,,Nowe,,1.0,1.0,,,,,1.0,,,,1.0,1.0,,,,,,,,1.0,1.0,,,,1.0,,,1.0,,1.0,,1.0,,1.0,,,,,,,,1.0,,,,,1.0,,,,,,,,,,1.0,,,1.0,,,,1.0,,1.0,,,1.0,,1.0,1.0,1.0,1.0,,1.0,,,,,,,,,,,1.0,1.0,1.0,1.0,1.0,1.0,1.0,1.0,,,,,,1.0,1.0,,1.0,,,,,,,,,,,,1.0,,,,1.0,1.0,,,1.0,,,,,,,,,,,1.0,,1.0,,,,,,,1.0,,1.0,,,,,,,1.0,1.0,1.0,1.0,1.0,,,1.0,,1.0,,,,1.0,,,,,,1.0,,,1.0,,,1.0,,,,,1.0,,189900,,PLN
Prywatne,,Tak,Tak,Abarth,500,,,2011,162 347 km,1 368 cm3,Benzyna,145 KM,Automatyczna,,Na przednie koła,,,134 g/km,,7 l/100km,Auta małe,3,4.0,Czerwony,,Metalik,,Niemcy,,,,,,,Tak,,Tak,Tak,Używane,1.0,,,,,,,1.0,,,,1.0,1.0,,1.0,,,,,,,,,,,,,,,,1.0,,,,,,,,1.0,,,,,,,,,,,1.0,,,1.0,,,,,,,,1.0,,,,1.0,,,,,,,1.0,1.0,1.0,1.0,,,,,,,,1.0,,,1.0,,1.0,,1.0,,,,,,,,,,1.0,,1.0,,,,,,,,,,,,,,1.0,,,,,1.0,,,,,,,,,,,,,,,,1.0,,,,,,,1.0,1.0,,,1.0,,,,,,,1.0,,,,1.0,1.0,,1.0,,,1.0,,,,,,,,,,1.0,,,1.0,,,,,,1.0,41999,,PLN
Firma,,Tak,Tak,Abarth,Grande Punto,,,2008,199 200 km,1 368 cm3,Benzyna,155 KM,Manualna,,Na przednie koła,,,,,,Kompakt,3,4.0,Biały,,,,Włochy,,Tak,,,,,Tak,,,,Używane,1.0,,,,,,,1.0,,,,1.0,1.0,,1.0,,,,,,,,,,,,,,,,,,,,,,,,,,,,,,,,,,,,,,1.0,,,,,,,,,,,,,,,,,,,1.0,1.0,,1.0,,,,,,1.0,,,,,1.0,,,,1.0,1.0,,,,,,,,,1.0,,1.0,,,,,,,,,,,,,,,,,,,1.0,,,1.0,,,,,,,,,,,1.0,,1.0,,,,,,,1.0,,,,1.0,,,,,,,,,,,,,,,,,,1.0,,,,,,,,,,,,1.0,,,,,1.0,,25800,,PLN
Prywatne,,Tak,Tak,Abarth,500,595 1.4 T-Jet 16v Pista,,2019,45 671 km,1 368 cm3,Benzyna,160 KM,Manualna,,Na przednie koła,,,139 g/km,,7 l/100km,Auta małe,3,4.0,Szary,,Metalik,,Szwajcaria,,,,,,,Tak,,,Tak,Używane,1.0,1.0,1.0,,,,,1.0,,,,1.0,1.0,,1.0,,,,,,,,,,,,,,,,1.0,,1.0,,1.0,,,,,,,1.0,1.0,,,,,,,1.0,1.0,,1.0,,,,,,,,1.0,,,,1.0,,,,,,,1.0,1.0,1.0,1.0,,1.0,,,,,,,,,1.0,,1.0,,1.0,,,,,,,,,,1.0,,1.0,,,,,,,,,,,,1.0,,1.0,,,,,1.0,,,,,,,,,,1.0,,,,,,1.0,,,,,,,1.0,,,,1.0,,,,,1.0,,,,,,,1.0,,1.0,,,,,,,,,,,,,,,,1.0,1.0,,1.0,,1.0,,64900,,PLN
Firma,,Tak,,Abarth,Inny,,,2023,2 km,,Elektryczny,155 KM,Automatyczna,,,42 kWh,W cenie,,,,Auta miejskie,2,,Niebieski,,,,,,,,,,,,,Tak,,Nowe,,,,,,,,,,,,,,,,,,,,,,,,,,,,,,,,,,,,,,,,,,,,,,,,,,,,,,,,,,,,,,,,,,,,,,,,,,,,,,,,,,,,,,,,,,,,,,,,,,,,,,,,,,,,,,,,,,,,,,,,,,,,,,,,,,,,,,,,,,,,,,,,,,,,,,,,,,,,,,,,,,,,,,,,,,,,,,,,,,,,,,,,,194900,,PLN
Firma,,Tak,,Abarth,Inny,,,2023,5 km,,Elektryczny,155 KM,Automatyczna,,Na przednie koła,,,,,,Kompakt,3,4.0,Zielony,,,,Polska,Tak,,Tak,,Tak,,,,Tak,,Nowe,1.0,,,,,,,1.0,,,,,1.0,,1.0,,,,,,,,,,,1.0,,,,,1.0,,,,,,,,,,,,,,,,,,,,,,1.0,,,,,,,,1.0,,,,1.0,,,,,1.0,1.0,,,,,,,,,,1.0,,,,,1.0,,1.0,,,,,,1.0,,,,,,,,1.0,,,,,,,,1.0,,,,,,,,,,,,,,,,,,,,,,,,,,,1.0,,,,,,,,,,,,,,,,,,,,,,,1.0,,,,,,,,,,1.0,,,,,,,,,,,,,,,189981,,PLN
Firma,,Tak,,Abarth,Inny,,,2023,5 km,,Elektryczny,155 KM,Automatyczna,,Na przednie koła,,,,,,Kompakt,3,4.0,Zielony,,,,Polska,Tak,,Tak,,Tak,,,,Tak,,Nowe,1.0,,,,,,,1.0,,,,,1.0,,1.0,,,,,,,,,,,1.0,,,,,1.0,,,,,,,,,,,,,,,,,,,,,,1.0,,,,,,,,1.0,,,,1.0,,,,,1.0,1.0,,,,,,,,,,1.0,,,,,1.0,,1.0,,,,,,1.0,,,,,,,,1.0,,,,,,,,1.0,,,,,,,,,,,,,,,,,,,,,,,,,,,1.0,,,,,,,,,,,,,,,,,,,,,,,1.0,,,,,,,,,,1.0,,,,,,,,,,,,,,,189981,,PLN
Prywatne,,Tak,Tak,Abarth,500,,,2012,127 000 km,1 400 cm3,Benzyna,160 KM,Manualna,,Na przednie koła,,,,,,Auta małe,2,4.0,Czarny,,Matowy,,,,,,,,,,,,,Używane,,1.0,1.0,,,,,1.0,,,,,,,1.0,,,,,,,,,,,,,,,,,,,,,,,1.0,,,,1.0,1.0,,,,,,,,,,,,,,,,,,,,,,1.0,,,,,,,,1.0,1.0,,,1.0,,,,,,,,,,,,,,,,,,,,,,,,,,,,,,,,,,,,,1.0,,,,,,,,,,,,,,,,,,,,,,,1.0,,,,,,,,,,,,,,,,,,1.0,,,,,,,,,,1.0,,,1.0,,,,,,,1.0,,,,,,1.0,,1.0,,42998,,PLN
Firma,,Tak,,Abarth,Inny,,,2023,7 km,,Elektryczny,155 KM,Automatyczna,,Na przednie koła,,,,,,Kompakt,3,4.0,Niebieski,,,,Polska,Tak,,Tak,,Tak,,,,Tak,,Nowe,1.0,,,,,,,1.0,,,,,1.0,,1.0,,,,,,,,,,,1.0,,,,,1.0,,,,,,,,,,,,,,,,,,,,,,1.0,,,,,,,,1.0,,,,1.0,,,,,1.0,1.0,,,,,,1.0,,,,,,,,,1.0,,1.0,,,,,,1.0,,,,,,,,1.0,,,,,,,,1.0,,,,,,,,,,,1.0,,,,,,,,,1.0,,,1.0,,1.0,,1.0,,,,,,,,,,,,,,,1.0,1.0,,,,,,,1.0,,,,,1.0,,,,,1.0,,,,,,,,,,,,,,,199557,,PLN
Firma,,,,Abarth,Inny,,,2023,2 km,,Elektryczny,155 KM,Automatyczna,,,42 kWh,W cenie,,,,Auta małe,2,,Zielony,,,,,,,,,,,,,Tak,,Nowe,,,,,,,,,,,,,,,,,,,,,,,,,,,,,,,,,,,,,,,,,,,,,,,,,,,,,,,,,,,,,,,,,,,,,,,,,,,,,,,,,,,,,,,,,,,,,,,,,,,,,,,,,,,,,,,,,,,,,,,,,,,,,,,,,,,,,,,,,,,,,,,,,,,,,,,,,,,,,,,,,,,,,,,,,,,,,,,,,,,,,,,,,185500,,PLN
Prywatne,,Tak,Tak,Abarth,595,,,2017,86 000 km,1 368 cm3,Benzyna,145 KM,Manualna,,Na przednie koła,,,,1.0,,Auta małe,3,4.0,Szary,,Metalik,,Polska,,,,,,,Tak,,Tak,Tak,Używane,1.0,,,,,,,1.0,,,,1.0,1.0,,1.0,,,,,,,,,,,,,,,,,,,,,,,,,,,1.0,1.0,,,,,,,,,,1.0,,,,,,,,1.0,,,,1.0,,,,,,,1.0,1.0,1.0,1.0,,,,,,,,1.0,,,,,,,,,,,,,,,,,1.0,,,,,,,,,,,,,,1.0,,,,,,,,,,,,,,,,,,,,,,,1.0,,,,,,,1.0,,,,,,,,,,,1.0,,,,,1.0,,,,,,,,,,,,,,1.0,,,,1.0,,,,,1.0,,47500,,PLN
Firma,,Tak,,Abarth,Inny,,,2023,7 km,,Elektryczny,155 KM,Automatyczna,,Na przednie koła,,,,,,Kompakt,3,4.0,Zielony,,,,Polska,Tak,,Tak,,Tak,,,,Tak,,Nowe,1.0,,,,,,,1.0,,,,,1.0,,1.0,,,,,,,,,,,1.0,,,,,1.0,,,,,,,,,,,,,,,,,,,,,,1.0,,,,,,,,1.0,,,,1.0,,,,,1.0,1.0,,,,,,1.0,,,,,,,,,1.0,,1.0,,,,,,1.0,,,,,,,,1.0,,,,,,,,1.0,,,,,,,,,,,1.0,,,,,,,,,1.0,,,1.0,,1.0,,1.0,,,,,,,,,,,,,,,1.0,1.0,,,,,,,1.0,,,,,1.0,,,,,1.0,,,,,,,,,,,,,,,199557,,PLN
Firma,,Tak,,BMW-ALPINA,B8,,,2021,26 000 km,4 395 cm3,Benzyna,621 KM,Automatyczna,,4x4 (stały),,,,,,Sedan,5,5.0,Zielony,,Metalik,,Polska,,,Tak,,Tak,,Tak,,Tak,Tak,Używane,1.0,1.0,1.0,,1.0,,,1.0,1.0,,,1.0,1.0,,1.0,,,,,,,1.0,1.0,,1.0,1.0,1.0,1.0,1.0,,1.0,1.0,1.0,,1.0,,,1.0,,1.0,,,1.0,,,1.0,,1.0,,1.0,,1.0,1.0,,,1.0,,,,,1.0,,,,1.0,,,,,1.0,,1.0,1.0,1.0,1.0,1.0,,,1.0,,,,,1.0,,1.0,,1.0,1.0,1.0,1.0,1.0,,1.0,1.0,,,,,,,1.0,1.0,1.0,,,,,,1.0,,1.0,,,,1.0,1.0,1.0,1.0,,1.0,,,1.0,1.0,,,,,1.0,1.0,,1.0,,1.0,,1.0,,1.0,,,,1.0,1.0,,1.0,1.0,1.0,1.0,,1.0,1.0,1.0,,1.0,,1.0,,,1.0,,1.0,,,1.0,,,,,1.0,,,,1.0,,1.0,,1.0,1.0,,,,1.0,1.0,629900,,PLN
Prywatne,,Tak,Tak,BMW-ALPINA,B6,Biturbo Gran Coupe Switch-Tronic,,2017,88 000 km,4 395 cm3,Benzyna,600 KM,Automatyczna,,4x4 (dołączany automatycznie),,,242 g/km,,"14,30 l/100km",Sedan,4,5.0,Srebrny,,Metalik,,,,,,,,,Tak,,,Tak,Używane,1.0,1.0,1.0,1.0,1.0,,,1.0,1.0,,,1.0,1.0,,1.0,,,,,,,1.0,1.0,,1.0,1.0,1.0,1.0,1.0,1.0,1.0,,1.0,,1.0,,,,1.0,1.0,1.0,,1.0,,,1.0,,1.0,,1.0,,1.0,1.0,,,1.0,1.0,,,,1.0,,,,1.0,,,1.0,,1.0,,,1.0,1.0,,1.0,,,,,,1.0,,1.0,,1.0,1.0,1.0,1.0,1.0,1.0,1.0,1.0,1.0,1.0,,1.0,,1.0,1.0,,1.0,1.0,1.0,,,,,,1.0,,,1.0,,1.0,1.0,1.0,,1.0,,1.0,,,1.0,1.0,,,,1.0,1.0,1.0,,1.0,,1.0,,1.0,,1.0,1.0,,,1.0,,,1.0,1.0,1.0,1.0,,,1.0,1.0,,1.0,1.0,1.0,,,,,1.0,,,1.0,,,,,1.0,,,,1.0,1.0,1.0,,,1.0,,,,1.0,1.0,299999,,PLN
Prywatne,,Tak,Tak,BMW-ALPINA,D5,Touring Bi-Turbo Switch-Tronic,,2012,193 300 km,2 993 cm3,Diesel,350 KM,Automatyczna,,Na tylne koła,,,163 g/km,,"7,60 l/100km",Kombi,5,5.0,Czarny,,,,,,,,,,,,,,,Używane,,,,,,,,,,,,,,,,,,,,,,,,,,,,,,,,,,,,,,,,,,,,,,,,,,,,,,,,,,,,,,,,,,,,,,,,,,,,,,,,,,,,,,,,,,,,,,,,,,,,,,,,,,,,,,,,,,,,,,,,,,,,,,,,,,,,,,,,,,,,,,,,,,,,,,,,,,,,,,,,,,,,,,,,,,,,,,,,,,,,,,,,,114900,,PLN
Prywatne,,Tak,Tak,BMW-ALPINA,B7,Biturbo,,2018,134 000 km,4 395 cm3,Benzyna,608 KM,Automatyczna,,4x4 (stały),,,253 g/km,1.0,"15,90 l/100km",Sedan,4,,Biały,,,,,,,,,,,,,,,Używane,1.0,,,1.0,1.0,,,,1.0,,,1.0,1.0,,1.0,,,,1.0,,1.0,1.0,1.0,1.0,1.0,1.0,1.0,1.0,1.0,1.0,1.0,1.0,1.0,,1.0,,,,,1.0,1.0,,,,,,,1.0,1.0,1.0,1.0,1.0,1.0,,,,,,,,1.0,,,,1.0,,,,,1.0,,,1.0,1.0,1.0,,,,,,,1.0,,,,1.0,1.0,1.0,1.0,1.0,1.0,1.0,,1.0,1.0,1.0,,,1.0,1.0,1.0,1.0,1.0,1.0,,,,1.0,,1.0,,1.0,,,,1.0,1.0,1.0,1.0,,1.0,,,,,,,,,,1.0,,1.0,,,,1.0,,1.0,1.0,,,1.0,,1.0,,,1.0,1.0,,1.0,1.0,1.0,,1.0,1.0,1.0,,1.0,1.0,,1.0,,,1.0,,,,,1.0,,,,,1.0,1.0,,1.0,,,,,,,139000,,PLN
Prywatne,,Tak,Tak,BMW-ALPINA,B6,Biturbo Gran Coupe Switch-Tronic,,2014,122 000 km,4 395 cm3,Benzyna,600 KM,Automatyczna,,4x4 (dołączany automatycznie),,,236 g/km,,"14,30 l/100km",Coupe,4,5.0,Niebieski,,Perłowy,,Stany Zjednoczone,,,,,,,Tak,,Tak,Tak,Używane,1.0,,,1.0,1.0,,,1.0,1.0,,,1.0,1.0,,1.0,,,,,,1.0,1.0,1.0,,1.0,1.0,1.0,1.0,1.0,1.0,1.0,1.0,1.0,,1.0,,,,1.0,1.0,1.0,,,,,1.0,,1.0,,1.0,1.0,1.0,1.0,,,1.0,,,,,1.0,,,,1.0,,,1.0,,1.0,,1.0,1.0,1.0,1.0,1.0,1.0,,,,,,,1.0,,1.0,1.0,1.0,1.0,1.0,1.0,1.0,1.0,1.0,1.0,1.0,,,1.0,1.0,1.0,1.0,1.0,1.0,,,,,,1.0,,1.0,,,1.0,1.0,1.0,1.0,1.0,,1.0,,,1.0,1.0,,,,1.0,1.0,1.0,,1.0,,1.0,,1.0,,1.0,1.0,,,1.0,1.0,1.0,,1.0,1.0,1.0,,1.0,1.0,1.0,1.0,1.0,,1.0,,,1.0,,1.0,,,1.0,,,1.0,,,,1.0,,1.0,1.0,1.0,,1.0,,,1.0,,1.0,1.0,205000,,PLN
Firma,,Tak,,BMW-ALPINA,B7,,,2021,86 233 km,4 395 cm3,Benzyna,608 KM,Automatyczna,,4x4 (dołączany automatycznie),,,,,"15,90 l/100km",Sedan,4,5.0,Zielony,,Metalik,,Polska,Tak,,Tak,,Tak,,Tak,,Tak,Tak,Używane,1.0,1.0,1.0,1.0,1.0,,,1.0,1.0,,,1.0,1.0,,1.0,,,,1.0,,1.0,1.0,1.0,,1.0,1.0,1.0,,1.0,1.0,1.0,,1.0,,1.0,,,,,1.0,1.0,,1.0,,,1.0,,1.0,1.0,,1.0,1.0,1.0,1.0,,1.0,1.0,,,,1.0,,,,1.0,,,1.0,,1.0,1.0,1.0,1.0,1.0,1.0,1.0,,,,,,1.0,,1.0,,1.0,1.0,1.0,1.0,1.0,1.0,1.0,1.0,1.0,1.0,,,,1.0,1.0,1.0,1.0,1.0,1.0,,,,,,1.0,1.0,1.0,1.0,1.0,,1.0,1.0,1.0,,1.0,1.0,,,1.0,1.0,,,,1.0,1.0,1.0,,1.0,,,,1.0,,1.0,1.0,,,1.0,1.0,1.0,1.0,,1.0,1.0,,,1.0,1.0,,1.0,1.0,1.0,,1.0,1.0,,1.0,,,1.0,,,,,,,,,1.0,1.0,1.0,,1.0,1.0,1.0,1.0,,1.0,1.0,749900,,PLN
Firma,,Tak,Tak,BMW-ALPINA,D3,,,2010,82 677 km,1 995 cm3,Diesel,214 KM,Automatyczna,,Na tylne koła,,,,,,Sedan,4,5.0,Niebieski,,Metalik,,Inny,,Tak,,,Tak,,Tak,,Tak,,Używane,1.0,,,,,,,1.0,1.0,,,1.0,1.0,,1.0,,,,,,,,,,,,,,,,1.0,,1.0,,1.0,,,,1.0,,,1.0,,,,1.0,,,1.0,,,1.0,1.0,,,,,,,,,,,,1.0,,,,,1.0,,1.0,1.0,1.0,1.0,,,,,,1.0,,,,,1.0,,,,,,,,,,,,1.0,,1.0,,1.0,1.0,,,,,,,,,,,,,,,,,,1.0,,,,,,,,,,,,1.0,,1.0,,1.0,,1.0,1.0,,,,1.0,1.0,,,,,,,,1.0,,1.0,,,,,,,,,,1.0,,,1.0,,,,,,,,,,,,,,,,1.0,107700,,PLN
Firma,,,,BMW-ALPINA,B4,,,2022,5 km,2 993 cm3,Benzyna,495 KM,Automatyczna,,4x4 (stały),,,,,,Sedan,5,,Niebieski,,,,,Tak,,Tak,,Tak,,,,Tak,,Nowe,,,,,,,,,,,,,,,,,,,,,,,,,,,,,,,,,,,,,,,,,,,,,,,,,,,,,,,,,,,,,,,,,,,,,,,,,,,,,,,,,,,,,,,,,,,,,,,,,,,,,,,,,,,,,,,,,,,,,,,,,,,,,,,,,,,,,,,,,,,,,,,,,,,,,,,,,,,,,,,,,,,,,,,,,,,,,,,,,,,,,,,,,115400,,EUR
Firma,,Tak,,BMW-ALPINA,B5,Biturbo Switch-Tronic,,2011,98 300 km,4 395 cm3,Benzyna,507 KM,Automatyczna,,Na tylne koła,,,,,15 l/100km,Sedan,4,5.0,Czarny,,Metalik,,Japonia,,,Tak,,Tak,,Tak,,Tak,Tak,Używane,,,,,,,,,,,,,,,,,,,,,,,,,,,,,,,,,,,,,,,,,,,,,,,,,,,,,,,,,,,,,,,,,,,,,,,,,,,,,,,,,,,,,,,,,,,,,,,,,,,,,,,,,,,,,,,,,,,,,,,,,,,,,,,,,,,,,,,,,,,,,,,,,,,,,,,,,,,,,,,,,,,,,,,,,,,,,,,,,,,,,,,,,176900,,PLN
Prywatne,,Tak,,BMW-ALPINA,Inny,,,2005,255 400 km,1 995 cm3,Benzyna,150 KM,Manualna,,Na tylne koła,,,,,,Kombi,5,5.0,Czarny,,Metalik,,Belgia,,,,,,,Tak,,Tak,,Używane,1.0,,,1.0,1.0,,,1.0,,,,,,,1.0,,,,,,,,,,,,,,,,1.0,,1.0,,,,,,,,,,,,,1.0,,,,1.0,,,1.0,,,,,,,,1.0,,,,,,,,,1.0,,1.0,,1.0,,,,,,,1.0,,,1.0,,1.0,,,,1.0,1.0,,,,,,,,,1.0,,,,,,,,,,,,,,1.0,,1.0,,,,1.0,,,,1.0,1.0,,,,1.0,,,,,,1.0,,1.0,,,,,,,,,,,,,,,1.0,,,1.0,,,,,1.0,,,,,,,,,,,,,,1.0,,,,,,,,,1.0,,12000,,PLN
Prywatne,,Tak,Tak,BMW-ALPINA,B3,Biturbo Switch-Tronic,,2008,54 000 km,2 979 cm3,Benzyna,360 KM,Automatyczna,,Na tylne koła,,,232 g/km,,14 l/100km,Coupe,4,5.0,Niebieski,,,,Japonia,,,,,,,Tak,,Tak,Tak,Używane,,,,,,,,,,,,,,,,,,,,,,,,,,,,,,,,,,,,,,,,,,,,,,,,,,,,,,,,,,,,,,,,,,,,,,,,,,,,,,,,,,,,,,,,,,,,,,,,,,,,,,,,,,,,,,,,,,,,,,,,,,,,,,,,,,,,,,,,,,,,,,,,,,,,,,,,,,,,,,,,,,,,,,,,,,,,,,,,,,,,,,,,,169900,,PLN
Firma,,Tak,,BMW-ALPINA,B5,,,2022,5 km,4 395 cm3,Benzyna,621 KM,Automatyczna,,4x4 (dołączany automatycznie),,,,1.0,,Sedan,4,5.0,Czarny,,Metalik,,Polska,Tak,,Tak,,Tak,,,,Tak,,Nowe,1.0,1.0,1.0,1.0,,,,1.0,1.0,,,1.0,,,,,,,,,1.0,,,,,,,,1.0,,1.0,1.0,1.0,,,,,,,1.0,,1.0,1.0,,,1.0,,,1.0,,1.0,1.0,1.0,,,1.0,1.0,,,,1.0,,,,1.0,,,,,,,1.0,1.0,1.0,1.0,1.0,,,,,,1.0,,1.0,,,,,,1.0,1.0,1.0,1.0,,,,,,,,,,,1.0,,,,,,,,1.0,,1.0,,,,,,,,,,1.0,1.0,,,,,1.0,,,1.0,,1.0,,1.0,,1.0,1.0,,,1.0,1.0,,1.0,1.0,1.0,1.0,1.0,,,1.0,1.0,1.0,,,,,,,,,,,,,,,,,1.0,,1.0,,1.0,,1.0,1.0,,1.0,,1.0,1.0,859900,,PLN
Prywatne,,Tak,,BMW-ALPINA,B10,,,1997,265 000 km,4 619 cm3,Benzyna,347 KM,Automatyczna,,Na tylne koła,,,,,,Sedan,4,5.0,Niebieski,,Metalik,,Niemcy,,,,,,,,,Tak,Tak,Używane,1.0,,,,,,,,1.0,,,1.0,1.0,,,,,,,,,,,,,,,,,,,,1.0,,,,,,1.0,,,1.0,,,,1.0,,,,,,1.0,,,,,,,,,,,,,,,,,,,,1.0,1.0,1.0,1.0,,1.0,,,,,,,,,,,,,,,,,,,,,1.0,,,,1.0,1.0,,,,,,,,,,,,,,,,1.0,,1.0,,,1.0,1.0,,,,,,,,1.0,,,,1.0,,1.0,1.0,,1.0,1.0,,1.0,,,,,,,,1.0,,1.0,,,,,,,,,,,,,1.0,,,,,,,,,,1.0,,,,,,1.0,79999,,PLN
Firma,,Tak,,BMW-ALPINA,XB7,,,2021,21 000 km,4 395 cm3,Benzyna,621 KM,Automatyczna,,4x4 (stały),,,,,,SUV,5,7.0,Złoty,,Metalik,,Polska,Tak,,Tak,,Tak,,Tak,,Tak,Tak,Używane,1.0,1.0,1.0,1.0,,,,1.0,1.0,,,1.0,1.0,,1.0,,,,,,1.0,1.0,1.0,,1.0,1.0,1.0,,1.0,1.0,1.0,,1.0,,1.0,,,,1.0,1.0,1.0,,1.0,,,1.0,,1.0,1.0,1.0,1.0,1.0,1.0,1.0,,1.0,1.0,,,,1.0,,,,1.0,,,1.0,,1.0,,1.0,1.0,1.0,,1.0,,,,,,1.0,,,,1.0,,1.0,1.0,1.0,1.0,1.0,,1.0,1.0,,,,1.0,,,1.0,1.0,1.0,,,,1.0,,1.0,1.0,1.0,,,,1.0,1.0,1.0,1.0,,1.0,,,1.0,1.0,,,,,1.0,,,1.0,,1.0,,1.0,,1.0,1.0,,,1.0,,,,1.0,1.0,1.0,1.0,1.0,1.0,1.0,,1.0,1.0,1.0,,1.0,1.0,,1.0,,,1.0,,,,,1.0,,1.0,,,1.0,1.0,,,,,1.0,,1.0,1.0,1099900,,PLN
Firma,,Tak,Tak,BMW-ALPINA,B4,,,2018,41 600 km,2 979 cm3,Benzyna,435 KM,Automatyczna,,4x4 (stały),,,,,,Coupe,3,4.0,Biały,,Perłowy,,Polska,,Tak,,,,,Tak,,,Tak,Używane,1.0,,,,,,,1.0,1.0,,,1.0,1.0,,1.0,,,,,,,1.0,1.0,,,1.0,,,,,,,1.0,,1.0,,,,,1.0,,,,,,,,,,1.0,1.0,1.0,1.0,,,,,,,,1.0,,,,1.0,,,,,1.0,,1.0,1.0,1.0,1.0,,,,,,1.0,,,,,1.0,1.0,1.0,,,,,,,1.0,,,,1.0,1.0,1.0,1.0,1.0,,,,,,,1.0,,,1.0,1.0,,,1.0,1.0,1.0,,1.0,,,1.0,1.0,,,,,1.0,,,1.0,,,,1.0,,1.0,1.0,,,1.0,1.0,1.0,,1.0,1.0,,,,1.0,1.0,,1.0,,,,,1.0,,1.0,,,1.0,,,,,,,,,1.0,,1.0,,1.0,,,1.0,,1.0,1.0,147000,,PLN
Prywatne,,Tak,Tak,BMW-ALPINA,B7,Bi-Turbo Switch-Tronic Allrad Langversion,,2012,132 800 km,4 395 cm3,Benzyna,540 KM,Automatyczna,,4x4 (stały),,,242 g/km,,"14,30 l/100km",Sedan,4,5.0,Niebieski,,,,,,,,,,,Tak,,,Tak,Używane,,,,,,,,,1.0,,,,,,,,,,,,,1.0,1.0,,,1.0,,,1.0,1.0,,,1.0,,1.0,,,,1.0,,,,,,,,,1.0,,1.0,,1.0,1.0,,,1.0,1.0,,,,,,,,1.0,,,1.0,,1.0,,1.0,1.0,1.0,1.0,1.0,,,,,,1.0,,,,1.0,1.0,1.0,1.0,,,,,1.0,1.0,,,,,1.0,,1.0,1.0,1.0,,,,,,1.0,,1.0,,,,1.0,1.0,,1.0,,1.0,,,1.0,1.0,,,,,1.0,1.0,,1.0,,,,,,1.0,1.0,,,1.0,,1.0,1.0,,,1.0,1.0,,1.0,1.0,,1.0,,,,1.0,1.0,,1.0,,,,,,,,,,,,,,1.0,,,,,,,1.0,1.0,124900,,PLN
Firma,,Tak,,BMW-ALPINA,B7,,,2019,77 000 km,4 395 cm3,Benzyna,608 KM,Automatyczna,,4x4 (dołączany automatycznie),,,,,"15,90 l/100km",Sedan,4,4.0,Czarny,,Metalik,,Polska,Tak,,Tak,,Tak,,Tak,,Tak,Tak,Używane,1.0,,,,,,,1.0,,,,1.0,1.0,,1.0,,,,,,,,,,,1.0,,,1.0,,,,1.0,,1.0,,,,,,,,,,,1.0,,1.0,,1.0,,1.0,1.0,,,1.0,1.0,,,,1.0,,,,1.0,,,,,1.0,,,1.0,1.0,,1.0,,,,,,1.0,,,,,,1.0,1.0,,,,,1.0,,,,,,1.0,,1.0,,,,,,,,,,1.0,,,,,,1.0,,,1.0,,,,,,,,,,,,,,1.0,,1.0,,,,,,,,,,,,1.0,,,1.0,1.0,,,,1.0,,,1.0,,1.0,,,1.0,,,,,,,,,,,1.0,,,,,1.0,,1.0,1.0,519900,,PLN
Firma,,Tak,Tak,BMW-ALPINA,B7,,,2018,76 567 km,4 395 cm3,Benzyna,608 KM,Automatyczna,,4x4 (dołączany automatycznie),,,,,"15,90 l/100km",Sedan,4,5.0,Czarny,,Metalik,,Polska,Tak,,Tak,,Tak,,Tak,,Tak,Tak,Używane,1.0,1.0,1.0,1.0,1.0,,,1.0,1.0,,,1.0,1.0,,1.0,,,,,,,1.0,1.0,,1.0,1.0,1.0,,1.0,1.0,1.0,,1.0,,1.0,,,,,1.0,1.0,,1.0,,,1.0,,1.0,1.0,,1.0,1.0,1.0,,,1.0,1.0,,,,1.0,,,,1.0,,,1.0,,1.0,1.0,1.0,1.0,1.0,1.0,1.0,,,,,,1.0,,,,1.0,1.0,1.0,1.0,1.0,1.0,1.0,1.0,1.0,1.0,,,,,1.0,1.0,1.0,1.0,,,,,,,,1.0,1.0,,,,1.0,1.0,1.0,,,1.0,,,1.0,1.0,,,,1.0,1.0,1.0,,1.0,,,,1.0,,1.0,1.0,,,1.0,1.0,1.0,,,,1.0,,,1.0,1.0,,1.0,,1.0,,1.0,1.0,,1.0,,,1.0,,,,,,,,,,1.0,1.0,,,,1.0,,,1.0,1.0,629900,,PLN
Firma,,Tak,,BMW-ALPINA,B5,,,2022,5 km,4 395 cm3,Benzyna,621 KM,Automatyczna,,4x4 (stały),,,,1.0,"15,90 l/100km",Sedan,5,5.0,Niebieski,,Metalik,,,Tak,,Tak,,Tak,,,,Tak,,Nowe,1.0,,,,,,,,1.0,,,1.0,1.0,,1.0,,,,,,1.0,,,1.0,,,,,,,1.0,1.0,1.0,,1.0,,,,,1.0,,,,,,,,1.0,,,1.0,1.0,1.0,,,,,,,,1.0,,,,1.0,,,,,1.0,,,1.0,1.0,1.0,,,,,,,1.0,,,,1.0,1.0,,,1.0,1.0,,,,,1.0,,,,,,,1.0,1.0,,,,,,,,,,,,,,,1.0,,,,,,,,,,,,,,1.0,,,,1.0,,1.0,1.0,,,1.0,,,,,1.0,1.0,,1.0,,1.0,,1.0,1.0,1.0,,,,,1.0,,,1.0,,,1.0,,,,,,,,,,1.0,,,,,1.0,,749000,,PLN
Prywatne,,Tak,Tak,BMW-ALPINA,B6,Biturbo Gran Coupe Switch-Tronic,,2016,20 000 km,4 395 cm3,Benzyna,600 KM,Automatyczna,,4x4 (stały),,,,,"14,30 l/100km",Coupe,4,5.0,Czarny,,Metalik,,Niemcy,,,,,,,Tak,,Tak,Tak,Używane,1.0,,,,,,,,1.0,,,,,,,,,,,,,,,,,,1.0,,1.0,,,1.0,1.0,,,,,,,1.0,,,,,,,,,1.0,,,1.0,1.0,,,,,,,,,,,,1.0,,,,,1.0,,,1.0,1.0,1.0,1.0,,,,,,1.0,,,,,,1.0,1.0,,,,,1.0,1.0,1.0,,,,,1.0,1.0,,1.0,,,,,,,,1.0,,,,,,,,,1.0,,,1.0,1.0,,,,,,,,1.0,,,,,,1.0,1.0,,,1.0,,1.0,,,1.0,1.0,,,1.0,1.0,,1.0,1.0,,,,,,1.0,,,1.0,,,,,1.0,,,,,,1.0,,,,,,,,,249000,,PLN
Firma,,Tak,,BMW-ALPINA,XB7,Standard,,2022,890 km,4 395 cm3,Benzyna,621 KM,Automatyczna,,,,,,1.0,16 l/100km,SUV,5,7.0,Niebieski,,,,Polska,,,Tak,,Tak,,Tak,,Tak,Tak,Używane,,,1.0,,,,,,1.0,,,1.0,1.0,,,,,,1.0,,1.0,1.0,1.0,1.0,1.0,,1.0,1.0,1.0,,1.0,1.0,,,,,,,,1.0,1.0,,1.0,,,,,,,,1.0,1.0,1.0,1.0,,,,,,,1.0,,,,1.0,,,,,1.0,,,1.0,1.0,1.0,1.0,,,,,,1.0,,,,1.0,1.0,,,1.0,,1.0,,,,1.0,,,1.0,,,,1.0,1.0,,,,1.0,,,,1.0,1.0,,,,,1.0,1.0,,1.0,,,,,,,,,1.0,1.0,,1.0,,,,1.0,,1.0,1.0,,,1.0,,,1.0,,,1.0,,1.0,1.0,1.0,,1.0,,1.0,,1.0,,,1.0,,,1.0,,,,,1.0,,,,,,1.0,,1.0,,1.0,,,,,1188000,,PLN
Firma,,Tak,Tak,BMW-ALPINA,B3,,,2002,332 128 km,3 300 cm3,Benzyna,280 KM,Automatyczna,,,,,,,,Kombi,5,5.0,Granatowy,,Metalik,,,,,,,,,,,,,Używane,,,,,,,,,,,,,,,,,,,,,,,,,,,,,,,,,,,,,,,,,,,,,,,,,,,,,,,,,,,,,,,,,,,,,,,,,,,,,,,,,,,,,,,,,,,,,,,,,,,,,,,,,,,,,,,,,,,,,,,,,,,,,,,,,,,,,,,,,,,,,,,,,,,,,,,,,,,,,,,,,,,,,,,,,,,,,,,,,,,,,,,,,44444,,PLN
Firma,,Tak,Tak,BMW-ALPINA,B7,,,2004,117 661 km,4 398 cm3,Benzyna,500 KM,Automatyczna,,Na tylne koła,,,,,,Sedan,4,5.0,Czarny,,Metalik,,,,,,,,,,,,,Używane,1.0,,,,,,,1.0,1.0,,,,1.0,,1.0,,,,,,,,,,,,,,,,,,,,,,,,,,,,,,,,,,,,,1.0,1.0,,,,,,,,,,,,,,,,,,,,,,,,,,,,,1.0,,,,,,1.0,,,,,,1.0,,,,1.0,,,,1.0,,,,,,,,,,,,,,,,,,1.0,1.0,,,,,,,,,,,,1.0,,1.0,,1.0,,,,,,,,,,,,,,,,,,,,,,,,,,,,1.0,,,1.0,,,,,,,,,,,,,,,,,119999,,PLN
Prywatne,,Tak,Tak,BMW-ALPINA,B5,Biturbo Switch-Tronic,,2007,199 000 km,4 395 cm3,Benzyna,507 KM,Automatyczna,,Na tylne koła,,,,,"15,80 l/100km",Sedan,4,5.0,Czarny,,Metalik,,,,,,,,,Tak,,Tak,,Używane,1.0,,1.0,,,,,1.0,1.0,,,,1.0,,1.0,,,,,,,,,,,,,,,,,,1.0,,1.0,,,,,1.0,,,1.0,,,1.0,,,,1.0,,1.0,1.0,,,1.0,,,,,,,,,1.0,,,,,1.0,,1.0,1.0,1.0,1.0,,,,,,1.0,,,,,1.0,,,,1.0,1.0,1.0,,,,,,,,1.0,,1.0,1.0,,,,,,,,,,1.0,,,,,,,,1.0,,,1.0,1.0,,,,,1.0,,,1.0,,1.0,,,,1.0,1.0,,1.0,1.0,,1.0,,,,,,,,1.0,,1.0,,,,1.0,1.0,,,,,1.0,,,,,,,,,1.0,,,,,,,,,1.0,1.0,118000,,PLN
Firma,,Tak,,BMW-ALPINA,B7,Biturbo,,2017,37 500 km,4 395 cm3,Benzyna,608 KM,Automatyczna,,,,,,,"15,90 l/100km",Sedan,4,,Szary,,,,,,,,,,,,,,,Używane,1.0,,,,,,,1.0,1.0,,,,1.0,,1.0,,,,,,,,,,,1.0,,,,,1.0,,,,,,,,,,,,,,,1.0,,,,,,1.0,1.0,,,,,,,,1.0,,,,1.0,,,,,1.0,1.0,,,,,,,,,,,1.0,,,,1.0,,1.0,,,,,,1.0,,,,1.0,,1.0,,1.0,,,,,,,,1.0,1.0,1.0,,,,,,,,1.0,1.0,,,,,,,,,1.0,,,1.0,,1.0,,1.0,,,,,,,,,,,,,,,1.0,1.0,,,,,,,1.0,,,,,1.0,,,,,1.0,,,,,,,,,,,1.0,,,,399999,,PLN
Prywatne,,Tak,,BMW-ALPINA,XB7,Biturbo,,2021,9 700 km,4 395 cm3,Benzyna,621 KM,Automatyczna,,4x4 (dołączany automatycznie),,,,,16 l/100km,SUV,5,7.0,Niebieski,,Metalik,,,,,,,,,Tak,,,Tak,Używane,1.0,1.0,1.0,1.0,1.0,,,1.0,1.0,,,1.0,1.0,,1.0,,,,1.0,,1.0,1.0,1.0,1.0,1.0,1.0,1.0,1.0,1.0,1.0,1.0,,1.0,,1.0,,,1.0,1.0,1.0,1.0,,1.0,,,1.0,,1.0,1.0,1.0,1.0,1.0,1.0,1.0,,1.0,1.0,,,,1.0,,,,1.0,,,1.0,,1.0,1.0,1.0,1.0,,,1.0,,,,,,1.0,,1.0,,1.0,1.0,1.0,1.0,1.0,1.0,1.0,1.0,1.0,1.0,,,,1.0,,1.0,1.0,1.0,1.0,,,,1.0,,1.0,,1.0,1.0,,1.0,1.0,1.0,1.0,1.0,1.0,1.0,,,1.0,1.0,,,,1.0,1.0,1.0,,1.0,,1.0,,1.0,,1.0,,,,1.0,,,1.0,,1.0,1.0,1.0,1.0,1.0,1.0,1.0,1.0,1.0,1.0,,,1.0,,1.0,,,1.0,,,,,,,1.0,,1.0,1.0,1.0,,,1.0,1.0,1.0,,1.0,1.0,933000,,PLN
Firma,,Tak,,BMW-ALPINA,B3,Biturbo Cabrio Switch-Tronic,,2008,165 000 km,2 979 cm3,Benzyna,360 KM,Automatyczna,,Na tylne koła,,,237 g/km,,"14,20 l/100km",Kabriolet,2,4.0,Biały,,,,Niemcy,,Tak,,,Tak,,Tak,,,,Używane,1.0,,,,1.0,,,1.0,1.0,,,1.0,1.0,,1.0,,,,,,,,,,,,,,,,,,1.0,,1.0,,,,1.0,,,,,,,1.0,,,,,,1.0,1.0,,1.0,,,,,,,,,,1.0,,,,,,,1.0,1.0,1.0,1.0,,,,,,1.0,,,,,1.0,,1.0,1.0,,,,,,,,,1.0,,1.0,,1.0,1.0,,,,,,,,,,,,,,,,,,,,,,,,,,,,,,1.0,,,,1.0,,,,,,1.0,1.0,1.0,,,,,,,,1.0,,1.0,,,,,1.0,,,,,1.0,,,1.0,,,,,,,,,,1.0,,,,,1.0,1.0,119900,,PLN
Prywatne,,Tak,Tak,BMW-ALPINA,D3,,,2011,198 868 km,1 995 cm3,Diesel,258 KM,Manualna,,,,,,,,Sedan,4,5.0,Biały,,,,,,,,,,,,,,,Używane,,,,,,,,,,,,,,,,,,,,,,,,,,,,,,,,,,,,,,,,,,,,,,,,,,,,,,,,,,,,,,,,,,,,,,,,,,,,,,,,,,,,,,,,,,,,,,,,,,,,,,,,,,,,,,,,,,,,,,,,,,,,,,,,,,,,,,,,,,,,,,,,,,,,,,,,,,,,,,,,,,,,,,,,,,,,,,,,,,,,,,,,,125000,,PLN
Prywatne,,Tak,,BMW-ALPINA,B10,,,2002,95 800 km,4 837 cm3,Benzyna,375 KM,Automatyczna,,Na tylne koła,,,,,,Sedan,4,5.0,Biały,,,,Japonia,,,,,,,Tak,,Tak,,Używane,,,,,,,,,,,,,,,,,,,,,,,,,,,,,,,,,,,,,,,,,,,,,,,,,,,,,,,,,,,,,,,,,,,,,,,,,,,,,,,,,,,,,,,,,,,,,,,,,,,,,,,,,,,,,,,,,,,,,,,,,,,,,,,,,,,,,,,,,,,,,,,,,,,,,,,,,,,,,,,,,,,,,,,,,,,,,,,,,,,,,,,,,239000,,PLN
Prywatne,,Tak,Tak,BMW-ALPINA,D3,Bi-Turbo Switch-Tronic,,2009,151 000 km,1 995 cm3,Diesel,214 KM,Automatyczna,,Na tylne koła,,,159 g/km,,"8,20 l/100km",Sedan,4,5.0,Biały,,Metalik,,Japonia,,,,,,,Tak,,Tak,,Używane,1.0,,,1.0,1.0,,,1.0,1.0,,,1.0,1.0,,1.0,,,,,,,,,,,,,,,,1.0,,1.0,,1.0,,,,1.0,,,,1.0,,,1.0,,,1.0,1.0,,1.0,1.0,,,,,,,,1.0,,,,1.0,,,,,,,1.0,1.0,1.0,1.0,,,,,,1.0,,,,,1.0,,,,1.0,1.0,1.0,,,,,,,,,,1.0,,,,,,,,,,,,,,,,,,1.0,1.0,,,1.0,1.0,,,,1.0,1.0,1.0,,1.0,,1.0,,1.0,,1.0,1.0,,,,,1.0,,,,,,,,,,1.0,,,,1.0,1.0,,,,,,,,,,,,1.0,,1.0,,,,,,,,,,1.0,82900,,PLN
Prywatne,,Tak,Tak,BMW-ALPINA,B3,S Biturbo Allrad Touring Switch-Tronic,,2011,268 737 km,2 979 cm3,Benzyna,400 KM,Automatyczna,,4x4 (stały),,,234 g/km,,"14,20 l/100km",Kombi,5,5.0,Zielony,,Perłowy,,Niemcy,,,,,,,Tak,,Tak,Tak,Używane,1.0,,,,,,,1.0,1.0,,,1.0,1.0,,1.0,,,,,,,,,,,,,,,,,1.0,1.0,,1.0,,,1.0,1.0,,,1.0,,,,1.0,,,1.0,1.0,,1.0,1.0,,1.0,,,,,,,1.0,,,,,,,,,,1.0,1.0,1.0,1.0,,,,,,1.0,,,,,1.0,,1.0,1.0,1.0,,1.0,,,1.0,,1.0,,1.0,1.0,,1.0,1.0,,,,,,,1.0,1.0,,,1.0,,1.0,,,,,1.0,,,1.0,1.0,,,,,,,,,,,,1.0,,1.0,1.0,,,1.0,1.0,1.0,,,1.0,,,,,1.0,,1.0,,,,,1.0,,,,,1.0,,,,,,,,,1.0,,,,1.0,,,,,1.0,1.0,110000,,PLN
Firma,,Tak,Tak,BMW-ALPINA,B7,,,2017,90 800 km,4 395 cm3,Benzyna,607 KM,Automatyczna,,4x4 (dołączany automatycznie),,,,,,Sedan,4,5.0,Czarny,,Metalik,,Polska,,,,,,,Tak,,Tak,Tak,Używane,1.0,1.0,1.0,1.0,,,,1.0,1.0,,,1.0,1.0,,,,,,,,,1.0,1.0,,,1.0,1.0,,1.0,,1.0,,1.0,,1.0,,,1.0,1.0,,,1.0,,,,1.0,,1.0,1.0,1.0,,1.0,1.0,,,1.0,,,,,1.0,,,,1.0,,,1.0,,1.0,,1.0,1.0,1.0,,,,,1.0,,,,,,,1.0,,1.0,1.0,1.0,1.0,1.0,1.0,,1.0,,,,1.0,,,1.0,1.0,,,,,1.0,,1.0,,,,,,,1.0,1.0,1.0,1.0,1.0,,,1.0,1.0,,,,,1.0,1.0,,1.0,,1.0,,1.0,,1.0,1.0,,,1.0,,1.0,,,1.0,1.0,,1.0,1.0,1.0,,1.0,,,,,,,1.0,,,1.0,,,,,,,1.0,,1.0,,,,,,,,,1.0,1.0,379000,,PLN
Prywatne,,Tak,,BMW-ALPINA,B12,,,1990,127 000 km,3 430 cm3,Benzyna,275 KM,Automatyczna,,Na tylne koła,,,,,,Sedan,5,5.0,Czarny,,Metalik,,Japonia,,,,,,,,,Tak,,Używane,,,,,,,,1.0,1.0,,,,,,,,,,,,,,,,,,,,,,,,,,,,,,,,,,,,,1.0,,,,,,1.0,,,,,,,,,,,,,,,,,,,,,1.0,,1.0,,1.0,,,,,,,,,,,,,,,,,,,,,,,,,1.0,1.0,,,,,,,,,,,1.0,,,,,,,1.0,,,,,,,,,,,,1.0,,,,1.0,,,,,,,,,,,,,,,,,,,,,,,,,,,,1.0,,,,,,,,,1.0,,,,,,,,,,,299999,,PLN
Prywatne,,Tak,Tak,BMW-ALPINA,B5,,,2007,127 000 km,4 398 cm3,Benzyna,500 KM,Automatyczna,,Na tylne koła,,,,,,Sedan,4,5.0,Biały,,Metalik,,Japonia,,,,,,,Tak,,Tak,,Używane,1.0,,,,,,,1.0,1.0,,,1.0,1.0,,1.0,,,,,,,,,,,,,,,,,,,,,,,,,,,,,,,1.0,,,,,,1.0,1.0,,,,,,,,,,,,,,,,,1.0,,1.0,1.0,1.0,,,1.0,,,,,,,,,1.0,,1.0,1.0,1.0,1.0,,,,,,,1.0,,1.0,,1.0,,,,,,,,,,,,,,,,,,,1.0,,,1.0,1.0,,,,,1.0,1.0,,1.0,,,,1.0,,1.0,,,,1.0,,1.0,,,,,,,,,,,,,,,,,,,,1.0,,,1.0,,,,,,,,,,,,,,,,1.0,159000,,PLN
Firma,,,,BMW-ALPINA,XB7,,,2023,5 km,4 395 cm3,Benzyna,621 KM,Automatyczna,,,,,,,,SUV,5,,Niebieski,,,,,Tak,,Tak,,Tak,,,,Tak,,Nowe,,,,,,,,,,,,,,,,,,,,,,,,,,,,,,,,,,,,,,,,,,,,,,,,,,,,,,,,,,,,,,,,,,,,,,,,,,,,,,,,,,,,,,,,,,,,,,,,,,,,,,,,,,,,,,,,,,,,,,,,,,,,,,,,,,,,,,,,,,,,,,,,,,,,,,,,,,,,,,,,,,,,,,,,,,,,,,,,,,,,,,,,,1189000,,PLN
Firma,,Tak,,BMW-ALPINA,XB7,,,2022,5 km,4 395 cm3,Benzyna,621 KM,Automatyczna,,,,,,,,SUV,5,7.0,Granatowy,,,,,,,,,,,,,Tak,,Nowe,,,,,,,,,,,,,,,,,,,,,,,,,,,,,,,,,,,,,,,,,,,,,,,,,,,,,,,,,,,,,,,,,,,,,,,,,,,,,,,,,,,,,,,,,,,,,,,,,,,,,,,,,,,,,,,,,,,,,,,,,,,,,,,,,,,,,,,,,,,,,,,,,,,,,,,,,,,,,,,,,,,,,,,,,,,,,,,,,,,,,,,,,1161000,,PLN
Firma,,Tak,,BMW-ALPINA,XB7,,,2022,5 km,4 395 cm3,Benzyna,621 KM,Automatyczna,,,,,,,,SUV,5,,Czarny,,,,,,,,,,,,,Tak,,Nowe,,,,,,,,,,,,,,,,,,,,,,,,,,,,,,,,,,,,,,,,,,,,,,,,,,,,,,,,,,,,,,,,,,,,,,,,,,,,,,,,,,,,,,,,,,,,,,,,,,,,,,,,,,,,,,,,,,,,,,,,,,,,,,,,,,,,,,,,,,,,,,,,,,,,,,,,,,,,,,,,,,,,,,,,,,,,,,,,,,,,,,,,,1149000,,PLN
Prywatne,,Tak,Tak,BMW-ALPINA,B7,Biturbo,,2017,64 000 km,4 395 cm3,Benzyna,608 KM,Automatyczna,,4x4 (stały),,,253 g/km,1.0,"15,90 l/100km",Sedan,4,4.0,Biały,,,,,,,,,,,,,,,Używane,1.0,,,,,,,,1.0,,,1.0,1.0,,1.0,,,,1.0,,1.0,1.0,1.0,1.0,1.0,,1.0,1.0,1.0,,1.0,1.0,1.0,,,,,,,1.0,1.0,,,,,,,1.0,,,1.0,1.0,1.0,,,,,,,,1.0,,,,1.0,,,,,1.0,,,1.0,1.0,1.0,,,,,,,1.0,,,,1.0,1.0,,,1.0,,1.0,,,,1.0,,,1.0,,,,1.0,1.0,,,,1.0,,,,1.0,,,,,,1.0,1.0,,,,,,,,,,,,,,1.0,,,,1.0,,1.0,1.0,,,1.0,,,,,,1.0,,1.0,1.0,1.0,,1.0,1.0,1.0,,1.0,,,1.0,,,1.0,,,,,1.0,,,,,,1.0,,1.0,,,,,,,350000,,PLN
Prywatne,,Tak,Tak,BMW-ALPINA,B7,Bi-Turbo Switch-Tronic Allrad,,2011,278 000 km,4 395 cm3,Benzyna,507 KM,Automatyczna,,4x4 (stały),,,,,"17,60 l/100km",Sedan,4,4.0,Czarny,,Metalik,,,,,,,,,,,,Tak,Używane,1.0,,,,1.0,,,1.0,1.0,,,1.0,1.0,,1.0,,,,,,,,1.0,,,1.0,,,1.0,,1.0,1.0,1.0,,1.0,,,,,,,,,,,1.0,,1.0,1.0,1.0,,1.0,1.0,,,,1.0,,,,1.0,,,,,,,,,1.0,,1.0,1.0,1.0,,1.0,,,1.0,,,,,1.0,,1.0,,1.0,1.0,1.0,1.0,1.0,1.0,,1.0,,1.0,,1.0,1.0,,1.0,1.0,,,,,,,,,1.0,,,,,,,,,1.0,,,1.0,1.0,,,,,,,,1.0,,1.0,,1.0,,1.0,1.0,,,1.0,1.0,1.0,,,1.0,,,,1.0,1.0,,,,,,,1.0,,,,,1.0,,,,,1.0,,1.0,,1.0,1.0,1.0,,,,,,,,1.0,71900,,PLN
Firma,,Tak,Tak,BMW-ALPINA,D5,S Allrad,,2018,161 000 km,2 993 cm3,Diesel,388 KM,Automatyczna,,4x4 (dołączany automatycznie),,,,,"8,50 l/100km",Sedan,4,5.0,Inny kolor,,Metalik,,Niemcy,,,Tak,,,,Tak,,Tak,Tak,Używane,1.0,1.0,1.0,1.0,1.0,,,1.0,1.0,,,1.0,1.0,,1.0,,,,,,,1.0,1.0,1.0,1.0,1.0,1.0,1.0,1.0,,1.0,,1.0,,1.0,,,,,,1.0,,1.0,,,1.0,,1.0,1.0,1.0,1.0,1.0,1.0,,,1.0,,,,,1.0,,,,1.0,,,,,1.0,,,1.0,1.0,,1.0,,,,,,1.0,,1.0,,1.0,1.0,1.0,1.0,1.0,1.0,1.0,1.0,1.0,1.0,1.0,,,1.0,1.0,1.0,1.0,1.0,1.0,,,,1.0,,1.0,,1.0,,1.0,,1.0,1.0,1.0,1.0,,1.0,,,1.0,1.0,,,,,,,,1.0,,1.0,,1.0,,1.0,1.0,,,1.0,,1.0,,1.0,1.0,1.0,,1.0,1.0,1.0,,1.0,,1.0,,,1.0,,1.0,,,1.0,,,,,1.0,,1.0,,1.0,1.0,1.0,,1.0,,,1.0,,1.0,1.0,265000,,PLN
Prywatne,,Tak,Tak,BMW-ALPINA,B7,,,2007,199 000 km,4 395 cm3,Benzyna,507 KM,Automatyczna,,,,,,,,Sedan,4,5.0,Srebrny,,,,,,,,,,,,,,,Używane,,,,,,,,,,,,,,,,,,,,,,,,,,,,,,,,,,,,,,,,,,,,,,,,,,,,,,,,,,,,,,,,,,,,,,,,,,,,,,,,,,,,,,,,,,,,,,,,,,,,,,,,,,,,,,,,,,,,,,,,,,,,,,,,,,,,,,,,,,,,,,,,,,,,,,,,,,,,,,,,,,,,,,,,,,,,,,,,,,,,,,,,,109000,,PLN
Firma,,Tak,,BMW-ALPINA,D3,,,2014,224 000 km,2 993 cm3,Diesel,350 KM,Automatyczna,,Na tylne koła,,,,,"6,10 l/100km",Kombi,5,5.0,Zielony,,Metalik,,,,,Tak,,,,Tak,,Tak,Tak,Używane,1.0,,,,,,,1.0,1.0,,,,1.0,,1.0,,,,,,,,,,,,,,,,,,,,,,,,,,,,,,,,,,,,,1.0,1.0,,,,,,,,1.0,,,,1.0,,,,,1.0,1.0,,,,,,,,,,1.0,,,,,1.0,,1.0,,,,,,,,,,1.0,,1.0,,1.0,,,,,,,,,,,,,,,,,,,,,,,,,,,,1.0,,,1.0,,1.0,,1.0,,,,,,,,,,,,,,,1.0,1.0,,,,,,,1.0,,,,,1.0,,,1.0,,,,,,,,,,,,,,,,,147900,,PLN
Prywatne,,Tak,Tak,BMW-ALPINA,B3,Biturbo Coupe Switch-Tronic,,2003,124 000 km,2 979 cm3,Benzyna,360 KM,Automatyczna,,Na tylne koła,,,232 g/km,,14 l/100km,Coupe,2,5.0,Biały,,,,Japonia,,,,,,,,,Tak,,Używane,,,,,,,,,,,,,,,,,,,,,,,,,,,,,,,,,,,,,,,,,,,,,,,,,,,,,,,,,,,,,,,,,,,,,,,,,,,,,,,,,,,,,,,,,,,,,,,,,,,,,,,,,,,,,,,,,,,,,,,,,,,,,,,,,,,,,,,,,,,,,,,,,,,,,,,,,,,,,,,,,,,,,,,,,,,,,,,,,,,,,,,,,109000,,PLN
Firma,,Tak,Tak,BMW-ALPINA,B10,,,1993,117 000 km,3 430 cm3,Benzyna,254 KM,Automatyczna,,,,,,,,Sedan,4,,Czarny,,,,,,,,,,,Tak,,,,Używane,,,,,,,,,,,,,,,,,,,,,,,,,,,,,,,,,,,,,,,,,,,,,,,,,,,,,,,,,,,,,,,,,,,,,,,,,,,,,,,,,,,,,,,,,,,,,,,,,,,,,,,,,,,,,,,,,,,,,,,,,,,,,,,,,,,,,,,,,,,,,,,,,,,,,,,,,,,,,,,,,,,,,,,,,,,,,,,,,,,,,,,,,159000,,PLN
Prywatne,,Tak,Tak,BMW-ALPINA,XD4,Standard,,2020,34 000 km,2 993 cm3,Diesel,388 KM,Automatyczna,,4x4 (stały),,,183 g/km,,"7,80 l/100km",SUV,5,5.0,Szary,,Metalik,,,,,,,,,Tak,,Tak,Tak,Używane,1.0,1.0,,1.0,1.0,,,1.0,1.0,,,1.0,1.0,,1.0,,,,,,1.0,1.0,1.0,1.0,1.0,1.0,1.0,,1.0,1.0,1.0,1.0,1.0,,1.0,,,1.0,1.0,1.0,1.0,,1.0,,,1.0,,1.0,,1.0,,1.0,1.0,,,,,,,,1.0,,,,1.0,,,1.0,,1.0,1.0,1.0,1.0,,1.0,1.0,,,,,,1.0,,1.0,,1.0,1.0,1.0,1.0,1.0,1.0,1.0,,,1.0,,,,1.0,,1.0,1.0,1.0,1.0,,,,1.0,,,1.0,,,,,,,1.0,1.0,,1.0,,,1.0,1.0,,,,1.0,1.0,1.0,,1.0,,1.0,,1.0,,1.0,1.0,,,1.0,1.0,,1.0,1.0,1.0,1.0,1.0,1.0,1.0,1.0,,1.0,1.0,1.0,,,1.0,,1.0,,,,,,,,,,1.0,,1.0,1.0,,,,,,,,1.0,1.0,318570,,PLN
Prywatne,,Tak,Tak,BMW-ALPINA,B7,Bi-Turbo Switch-Tronic,,2006,118 912 km,4 395 cm3,Benzyna,507 KM,Automatyczna,,Na tylne koła,,,282 g/km,,"17,40 l/100km",Sedan,4,5.0,Czarny,,Metalik,,Kanada,,,,,,,Tak,,,,Używane,1.0,,,,1.0,,,,1.0,,,,1.0,,1.0,,,,,,,,,,,,,,,,,1.0,,,1.0,,,,,,,,,,,,,,,,,1.0,1.0,,,,1.0,,,,,,,,1.0,,,,,,,,,,1.0,,,,1.0,,,,,1.0,,1.0,,,,1.0,,1.0,,,,,,,,1.0,,1.0,1.0,,,,,,,,1.0,1.0,1.0,,,,,,,,,,,,,,,,1.0,1.0,1.0,,1.0,,,,1.0,,,,,,,1.0,,,,,,,,,1.0,,1.0,,,,,,,,,,,,,,,,,1.0,,,,,,1.0,,,,,1.0,,115000,,PLN
Prywatne,,Tak,Tak,BMW-ALPINA,B7,Biturbo,,2018,62 500 km,4 395 cm3,Benzyna,608 KM,Automatyczna,,4x4 (stały),,,253 g/km,1.0,"15,90 l/100km",Sedan,4,5.0,Czarny,,Metalik,,Stany Zjednoczone,,,,,,,Tak,,,,Używane,1.0,1.0,,,,,,1.0,1.0,,,1.0,1.0,,1.0,,,,1.0,,1.0,1.0,1.0,1.0,1.0,1.0,1.0,1.0,1.0,1.0,1.0,1.0,1.0,,1.0,,,,1.0,1.0,1.0,,1.0,,,1.0,,1.0,,1.0,1.0,1.0,1.0,,,1.0,1.0,,,,1.0,,,,1.0,,,1.0,,1.0,1.0,1.0,1.0,1.0,1.0,1.0,,,,,,1.0,,1.0,,1.0,1.0,1.0,1.0,1.0,,1.0,1.0,1.0,1.0,1.0,,,1.0,1.0,1.0,1.0,1.0,1.0,,,,1.0,,1.0,1.0,1.0,,1.0,,,1.0,1.0,1.0,1.0,1.0,,,,,,,,,,,,1.0,,,,1.0,,1.0,1.0,,,1.0,,1.0,1.0,,,1.0,,1.0,1.0,1.0,,1.0,1.0,1.0,,1.0,1.0,,1.0,,,1.0,,,,,1.0,,,,1.0,1.0,1.0,,1.0,,1.0,,,1.0,,339000,,PLN
Firma,,Tak,,BMW-ALPINA,B7,,,2011,169 000 km,4 400 cm3,Benzyna,508 KM,Automatyczna,,4x4 (dołączany automatycznie),,,,,,Sedan,4,5.0,Szary,,Metalik,,,,Tak,,,,,,,,,Używane,1.0,,,1.0,1.0,,,1.0,1.0,,,1.0,1.0,,1.0,,,,,,,,,,,,,,1.0,,1.0,,1.0,,1.0,,,,1.0,,,,1.0,,,1.0,,1.0,,1.0,,1.0,1.0,1.0,,,,,,,,,,,1.0,,,,,1.0,1.0,1.0,1.0,1.0,,1.0,1.0,,,,,,,,,1.0,,1.0,1.0,1.0,1.0,,,1.0,,,,1.0,,1.0,,1.0,1.0,,,,,,,,,,,1.0,,,1.0,,,1.0,1.0,,,1.0,,,,,,1.0,,,1.0,,1.0,,1.0,,,,,,1.0,,,,,1.0,,1.0,,,1.0,,,,,,,1.0,,,,,1.0,,,,,,,,,,,,,,,,,,,,87300,,PLN
Prywatne,,Tak,,BMW-ALPINA,B10,,,1989,209 000 km,3 500 cm3,Benzyna,254 KM,Manualna,,Na tylne koła,,,,,,Sedan,4,5.0,Czerwony,,Metalik,,Szwecja,,,,,,,,,,,Używane,,,,,,,,,,,,,,,,,,,,,,,,,,,,,,,,,,,,,,,,,,,,,,,,,,,,,,,,,,,,,,,,,,,,,,,,,,,,,,,,,,,,,,,,,,,,,,,,,,,,,,,,,,,,,,,,,,,,,,,,,,,,,,,,,,,,,,,,,,,,,,,,,,,,,,,,,,,,,,,,,,,,,,,,,,,,,,,,,,,,,,,,,195000,,PLN
Prywatne,,Tak,Tak,Lamborghini,Huracan,LP 610-4,,2015,85 280 km,5 204 cm3,Benzyna,610 KM,Automatyczna,,4x4 (stały),,,290 g/km,,"17,80 l/100km",Coupe,2,,Biały,,,,Niemcy,,,,,,,,,Tak,Tak,Używane,1.0,,,,,,,1.0,,,,1.0,1.0,,1.0,,,,,,,,,,,,,,,,1.0,,,,,,,,,,,,,,,,,,1.0,,,,1.0,,,,,,,,1.0,,1.0,,,,,,,,,,1.0,1.0,,,1.0,,,,,,,,,1.0,,,,1.0,,,,,1.0,,,,,,,,1.0,,,,,,,,,,,,,,,,,,1.0,,,,,,,,,,,,,,,,1.0,,,,,,,1.0,,,,,,,,1.0,,,,,,,,,,1.0,,,1.0,,,,,,,,,,,,,,,,1.0,,,1.0,1000000,,PLN
Prywatne,,Tak,Tak,Lamborghini,Urus,,,2021,18 100 km,3 996 cm3,Benzyna,650 KM,Automatyczna,,4x4 (stały),,,,,,SUV,4,4.0,Czarny,,Metalik,,,,,,3 Grudnia 2024,,,Tak,,Tak,Tak,Używane,,,,,,,,,,,,,,,,,,,,,,,,,,,,,,,,,,,,,,,,,,,,,,,,,,,,,,,,,,,,,,,,,,,,,,,,,,,,,,,,,,,,,,,,,,,,,,,,,,,,,,,,,,,,,,,,,,,,,,,,,,,,,,,,,,,,,,,,,,,,,,,,,,,,,,,,,,,,,,,,,,,,,,,,,,,,,,,,,,,,,,,,,1750000,,PLN
Prywatne,,Tak,Tak,Lamborghini,Urus,,,2022,19 700 km,3 996 cm3,Benzyna,650 KM,Automatyczna,,4x4 (stały),,,,,,SUV,5,5.0,Żółty,,,,Niemcy,,,,,,,,,Tak,Tak,Używane,1.0,1.0,1.0,1.0,,,,,1.0,,,1.0,1.0,,1.0,,,,,,,,,,,,1.0,,,,1.0,,,,,,,,,,1.0,,1.0,,,,,1.0,,,1.0,1.0,1.0,1.0,,1.0,1.0,,,,1.0,,1.0,,1.0,,,1.0,,,,,1.0,1.0,,,1.0,,,,,,,1.0,,1.0,,1.0,1.0,,,1.0,,,,1.0,,,,,,,1.0,1.0,,,,,,,,1.0,,,,,,1.0,,,1.0,,,1.0,1.0,,,,,,,,1.0,,,,1.0,,1.0,1.0,,,1.0,,,,,,,,,,1.0,,1.0,1.0,1.0,,,,,1.0,,,1.0,,,1.0,,,,,,,,1.0,,,,1.0,,,,,255001,,EUR
Firma,,Tak,Tak,Lamborghini,Huracan,Performante,,2022,6 301 km,5 204 cm3,Benzyna,640 KM,Automatyczna,,4x4 (stały),,,,,19 l/100km,Coupe,2,2.0,Niebieski,,,,Polska,Tak,,Tak,,Tak,,Tak,,Tak,Tak,Używane,1.0,,,,,,,1.0,,,,1.0,1.0,,,,,,,,,,,,,,,,,,1.0,,,,,,,,,,,,1.0,,,,,,1.0,,1.0,,1.0,,,,,,,,1.0,,1.0,,1.0,,,,,,,,1.0,1.0,,,1.0,,,,,,,,,1.0,,1.0,1.0,1.0,,,,,1.0,1.0,,,,,,,1.0,,,,,,,,,,,,,,,,,,1.0,,,,,,,,,,,,,,,,1.0,,,,,,,1.0,,,,,,,,1.0,1.0,,,,,,,,,1.0,,,1.0,,,1.0,,,,,,1.0,,,,,,,,,,,1919999,,PLN
Firma,,Tak,,Lamborghini,Huracan,,,2017,38 636 km,5 204 cm3,Benzyna,610 KM,Automatyczna,,4x4 (dołączany automatycznie),,,,,,Coupe,2,2.0,Szary,,Metalik,,Polska,,,Tak,,Tak,,Tak,,Tak,Tak,Używane,,,,,,,,,,,,,,,,,,,,,,,,,,,,,,,,,,,,,,,,,,,,,,,,,,,,,,,,,,,,,,,,,,,,,,,,,,,,,,,,,,,,,,,,,,,,,,,,,,,,,,,,,,,,,,,,,,,,,,,,,,,,,,,,,,,,,,,,,,,,,,,,,,,,,,,,,,,,,,,,,,,,,,,,,,,,,,,,,,,,,,,,,1000000,,PLN
Firma,,Tak,,Lamborghini,Huracan,,,2019,37 000 km,5 200 cm3,Benzyna,573 KM,Automatyczna,,Na tylne koła,,,,,,Coupe,2,2.0,Czarny,,,,,,,,,,,,,,,Używane,,,,,,,,,,,,,,,,,,,,,,,,,,,,,,,,,,,,,,,,,,,,,,,,,,,,,,,,,,,,,,,,,,,,,,,,,,,,,,,,,1.0,,,,,,,,,,,,,,,,,,,,,,,,,,,,,,,,,,,,,,,,,,,,,,,,,,,,,,,,,,,,,,,,,,,,,,,,,,,,,,,,,,,,,,,,,,,,,,,,,,,,,,,,700000,,PLN
Prywatne,,Tak,Tak,Lamborghini,Urus,,,2020,30 000 km,3 996 cm3,Benzyna,650 KM,Automatyczna,,,,,,,,SUV,5,5.0,Czerwony,,,,Polska,,,,10 Października 2024,,,Tak,,Tak,Tak,Używane,,,,,,,,,,,,,,,,,,,,,,,,,,,,,,,,,,,,,,,,,,,,,,,,,,,,,,,,,,,,,,,,,,,,,,,,,,,,,,,,,,,,,,,,,,,,,,,,,,,,,,,,,,,,,,,,,,,,,,,,,,,,,,,,,,,,,,,,,,,,,,,,,,,,,,,,,,,,,,,,,,,,,,,,,,,,,,,,,,,,,,,,,1100000,,PLN
Firma,,Tak,Tak,Lamborghini,Urus,,,2020,27 855 km,3 996 cm3,Benzyna,650 KM,Automatyczna,,4x4 (dołączany automatycznie),,,,,,SUV,5,5.0,Żółty,,,,Polska,,,,,,,Tak,,Tak,Tak,Używane,,1.0,1.0,,,,,,1.0,,,,,,,,,,,,,,,,,,,,,,,,,,,,,,,,,,1.0,,,,,,,,1.0,1.0,,1.0,,1.0,,,,,1.0,,1.0,,1.0,,,,,,,,1.0,1.0,1.0,,,,,,,1.0,,,,,,,,,,1.0,1.0,,,1.0,,,,,,,,,,,,,,,,1.0,,1.0,,,,,,,,,,1.0,1.0,,,,,,,,1.0,,,,1.0,,1.0,1.0,,,1.0,1.0,,,,,,,,,1.0,,1.0,,,,,,,,,,1.0,,,,,1.0,,,,,,,,1.0,,,,,1.0,1.0,2099000,,PLN
Prywatne,,Tak,Tak,Lamborghini,Gallardo,,,2004,86 600 km,4 961 cm3,Benzyna,500 KM,Automatyczna,,4x4 (stały),,,,,29 l/100km,Coupe,2,,Biały,,,,,,,,,,,Tak,,,,Używane,,,,,,,,,,,,,,,,,,,,,,,,,,,,,,,,,,,,,,,,,,,,,,,,,,,,,,,,,,,,,,,,,,,,,,,,,,,,,,,,,,,,,,,,,,,,,,,,,,,,,,,,,,,,,,,,,,,,,,,,,,,,,,,,,,,,,,,,,,,,,,,,,,,,,,,,,,,,,,,,,,,,,,,,,,,,,,,,,,,,,,,,,485000,,PLN
Firma,,Tak,,Lamborghini,Huracan,,,2020,24 761 km,5 204 cm3,Benzyna,640 KM,Automatyczna,,4x4 (stały),,,,,,Coupe,2,2.0,Inny kolor,,Perłowy,,Polska,,,Tak,,Tak,,Tak,,Tak,Tak,Używane,1.0,,,1.0,,,,1.0,,,,1.0,1.0,,1.0,,,,,,,,,,,,,,,,1.0,,1.0,,1.0,,,,,,,,,,,,,,,,,1.0,1.0,,,,,,,,1.0,,,,1.0,,,,,1.0,,,,1.0,,,1.0,,,,,,,,,,,1.0,1.0,,,,,,,1.0,,,,1.0,,1.0,,,,,,,,,,,,,,,,1.0,,1.0,1.0,,,,,,,,,1.0,,,,,,,,,,,,,,,,,,,,,,1.0,,,,,,,,1.0,,,,,,,,1.0,,,,,,,,,,,,,1.0,,,1.0,1499000,,PLN
Firma,,Tak,,Lamborghini,Urus,,,2021,37 422 km,3 996 cm3,Benzyna,650 KM,Automatyczna,,4x4 (stały),,,,,,SUV,5,5.0,Żółty,,,,Polska,Tak,,Tak,,,,Tak,,Tak,Tak,Używane,1.0,1.0,1.0,,,,,1.0,,,,,,,1.0,,,,,,1.0,,,,,1.0,,,1.0,,,,1.0,,1.0,,,,1.0,,,,1.0,,,1.0,,,1.0,,,,1.0,1.0,,1.0,,,,,,,,,1.0,,,,,,,1.0,1.0,1.0,1.0,,,,1.0,,,,,,,,,,,,,1.0,,,1.0,,,,,,,1.0,1.0,,,,,,,,,,,,,,1.0,,,,1.0,,,1.0,1.0,,,,,1.0,1.0,,1.0,,1.0,,,,1.0,1.0,,,,1.0,,,,,,,,1.0,1.0,,1.0,,,,,1.0,,1.0,,,1.0,,,1.0,,,,,,,,,,1.0,1.0,,1.0,,1.0,1.0,1599900,,PLN
Prywatne,,Tak,Tak,Lamborghini,Aventador,S,,2021,3 900 km,6 498 cm3,Benzyna,740 KM,Automatyczna,,4x4 (dołączany automatycznie),,,,,26 l/100km,Coupe,2,2.0,Pomarańczowy,,Metalik,,Niemcy,,,,20 Marca 2025,,,,,Tak,Tak,Używane,,,,,,,,,,,,,,,,,,,,,,,,,,,,,,,,,,,,,,,,,,,,,,,,,,,,,,,,,,,,,,,,,,,,,,,,,,,,,,,,,,,,,,,,,,,,,,,,,,,,,,,,,,,,,,,,,,,,,,,,,,,,,,,,,,,,,,,,,,,,,,,,,,,,,,,,,,,,,,,,,,,,,,,,,,,,,,,,,,,,,,,,,329000,,EUR
Prywatne,,Tak,Tak,Lamborghini,Gallardo,,,2006,42 000 km,4 961 cm3,Benzyna,500 KM,Automatyczna,,4x4 (stały),,,,,,Coupe,2,2.0,Niebieski,,Metalik,,Japonia,,,,,,,Tak,,Tak,,Używane,1.0,,,,,,,,1.0,,,,,,,,,,,,,,,,,,,,,,,,,,,,,,,,,,,,,,,,,,,1.0,1.0,,,,,,,,,,,,,,,,,1.0,,,1.0,,,,,,,,1.0,,,,,1.0,,,,,,,,,,,1.0,,,,,,,,,,,,,,,,,,,,,,,,,,,,,,,,,,,,1.0,,,,,,,,,,,,,,,,,,,,,,,,,,,,,,,,1.0,,,,,,,,,,,,,,,,,,,,499000,,PLN
Firma,,Tak,,Lamborghini,Urus,,,2021,27 840 km,4 000 cm3,Benzyna,641 KM,Automatyczna,,4x4 (dołączany automatycznie),,,,,,SUV,5,5.0,Pomarańczowy,,,,,,,,,,,,,,,Używane,,,,,,,,,,,,,,,,,,,,,,,,,,,,,,,,,,,,,,,,,,,,,,,,,,,,,,,,,,,,,,,,,,,,,,,,,,,,,,,,,,1.0,,,,,,,,,,,,,,,,,,,,,,,,,,,,,,,,,,,,,,,,,,,,,,,,,,,,,,,,,,,,,,,,,,,,,,,,,,,,,,,,,,,,,,,,,,,,,,,,,,,,,,,630000,,PLN
Prywatne,,Tak,Tak,Lamborghini,Urus,Standard,,2023,20 km,3 996 cm3,Benzyna,650 KM,Automatyczna,,4x4 (stały),,,,,,SUV,5,4.0,Inny kolor,,Metalik,,Polska,,,,,,,,,,,Używane,,,,,,,,,,,,,,,,,,,,,,,,,,,,,,,,,,,,,,,,,,,,,,,,,,,,,,,,,,,,,,,,,,,,,,,,,,,,,,,,,,,,,,,,,,,,,,,,,,,,,,,,,,,,,,,,,,,,,,,,,,,,,,,,,,,,,,,,,,,,,,,,,,,,,,,,,,,,,,,,,,,,,,,,,,,,,,,,,,,,,,,,,310000,,EUR
Firma,,Tak,,Lamborghini,Gallardo,Superleggera E-Gear,,2008,11 890 km,4 961 cm3,Benzyna,530 KM,Automatyczna,,4x4 (stały),,,400 g/km,,24 l/100km,Coupe,2,2.0,Pomarańczowy,,Metalik,,Stany Zjednoczone,,Tak,,,,,Tak,,,,Używane,1.0,,,,,,,1.0,,,,1.0,1.0,,1.0,,,,,,,,,,,,,,,,1.0,,,,,,,,,,,,,,,,,,1.0,,,,1.0,,1.0,,,,,,,,,,,,,,,,,,1.0,,1.0,,1.0,,,,,,,,,1.0,,,,,,,,,,,1.0,,,,,1.0,1.0,,,,,,,,,,,,,,,,,,1.0,,,,,,,,,,,,,,,,1.0,,,,,,,1.0,1.0,,,,,,,,1.0,,,,,,,,,,,,1.0,,,,,,,,,,,,,1.0,,,,,,,649000,,PLN
Firma,,Tak,,Lamborghini,Huracan,,,2023,40 km,5 204 cm3,Benzyna,640 KM,Automatyczna,,4x4 (stały),,,314 g/km,,19 l/100km,Coupe,2,2.0,Czarny,,Metalik,,Polska,,,Tak,,Tak,,Tak,,Tak,Tak,Nowe,1.0,,,,1.0,,,1.0,1.0,,,1.0,1.0,,1.0,,,,,,,,,,,,1.0,,,,1.0,,1.0,,1.0,,,,,1.0,,,1.0,,,,,1.0,1.0,1.0,,1.0,1.0,,,,,,,,1.0,,1.0,,1.0,,,,,1.0,,1.0,,1.0,1.0,1.0,1.0,,,,,,,,,1.0,,1.0,,1.0,,,,,1.0,,,,1.0,1.0,1.0,1.0,1.0,,,,,,,,1.0,,,1.0,,,,,,1.0,1.0,,,1.0,,,,,1.0,1.0,1.0,,,,,,1.0,,,,,,1.0,1.0,,,,,,,1.0,,,,1.0,,,,,1.0,,1.0,,,,1.0,,1.0,,,,,,1.0,,1.0,,1.0,1.0,,1.0,,1.0,1.0,1880000,,PLN
Firma,,Tak,Tak,Lamborghini,Urus,,,2019,19 000 km,3 996 cm3,Benzyna,650 KM,Automatyczna,,4x4 (stały),,,,,,SUV,5,5.0,Żółty,,,,Polska,,Tak,,,Tak,,Tak,,Tak,,Używane,1.0,1.0,,,,,,1.0,1.0,,,1.0,1.0,,1.0,,,,,,,,,,,,1.0,,,,,,1.0,,1.0,,,,1.0,,1.0,,1.0,,,1.0,,,,,,1.0,1.0,1.0,,,,,,,1.0,,1.0,,1.0,,,,,1.0,,1.0,1.0,1.0,1.0,,1.0,,,,,,,1.0,,,,1.0,1.0,1.0,,1.0,,,1.0,1.0,,,1.0,,,1.0,1.0,,,,,,,,,,,,,1.0,1.0,1.0,,,1.0,,,1.0,1.0,,,,,,,,1.0,,1.0,,1.0,,1.0,1.0,,,1.0,1.0,,,,1.0,,,,,1.0,,1.0,,,,1.0,1.0,,1.0,,,1.0,,,1.0,,,,1.0,,,,,,1.0,,,,,1.0,1.0,1355000,,PLN
Prywatne,,Tak,Tak,Lamborghini,Huracan,Performante,,2017,58 000 km,5 204 cm3,Benzyna,640 KM,Automatyczna,,4x4 (stały),,,,,19 l/100km,Coupe,2,2.0,Szary,,Matowy,,,Tak,,,,,,Tak,,Tak,Tak,Używane,,,,,,,,,,,,,,,,,,,,,,,,,,,,,,,,,,,,,,,,,,,,,,,,,,,,,,,,,,,,,,,,,,,,,,,,,,,,,,,,,,,,,,,,,,,,,,,,,,,,,,,,,,,,,,,,,,,,,,,,,,,,,,,,,,,,,,,,,,,,,,,,,,,,,,,,,,,,,,,,,,,,,,,,,,,,,,,,,,,,,,,,,1512900,,PLN
Firma,,Tak,,Lamborghini,Aventador,,,2020,7 841 km,6 498 cm3,Benzyna,770 KM,Automatyczna,,4x4 (dołączany automatycznie),,,,,,Kabriolet,2,2.0,Złoty,,Perłowy,,,,,Tak,,Tak,,,,Tak,,Używane,,,,,,,,,,,,,,,,,,,,,,,,,,,,,,,,,,,,,,,,,,,,,,,,,,,,,,,,,,,,,,,,,,,,,,,,,,,,,,,,,,,,,,,,,,,,,,,,,,,,,,,,,,,,,,,,,,,,,,,,,,,,,,,,,,,,,,,,,,,,,,,,,,,,,,,,,,,,,,,,,,,,,,,,,,,,,,,,,,,,,,,,,3868000,,PLN
Firma,,Tak,,Lamborghini,Aventador,,,2018,6 338 km,6 498 cm3,Benzyna,740 KM,Automatyczna,,4x4 (dołączany automatycznie),,,,,,Coupe,2,2.0,Inny kolor,,Perłowy,,,,,Tak,,Tak,,Tak,,Tak,Tak,Używane,,,,,,,,,,,,,,,,,,,,,,,,,,,,,,,,,,,,,,,,,,,,,,,,,,,,,,,,,,,,,,,,,,,,,,,,,,,,,,,,,,,,,,,,,,,,,,,,,,,,,,,,,,,,,,,,,,,,,,,,,,,,,,,,,,,,,,,,,,,,,,,,,,,,,,,,,,,,,,,,,,,,,,,,,,,,,,,,,,,,,,,,,1987000,,PLN
Prywatne,,Tak,,Lamborghini,Huracan,,,2022,1 800 km,5 200 cm3,Benzyna,700 KM,Automatyczna,,,,,,,,Kabriolet,2,,Szary,,,,Polska,,,,,,,,,Tak,Tak,Używane,,1.0,,,,,,,1.0,,,,,,,,,,,,,,,,,,,,,,,,,,,,,,1.0,1.0,,,1.0,,,,,,,,,1.0,,,,,,,,,1.0,,,,1.0,,,1.0,,1.0,,1.0,,1.0,1.0,,,,,,,,,,,1.0,,,,,,1.0,,,,,,,,,,,,1.0,,,,,,,,,,,,,,,,,1.0,,,,,,,,,,,,1.0,,,,1.0,,,,,,,1.0,,1.0,,,,,,,1.0,,1.0,,,,,,,,,,,,,,,,,,,,,,,1.0,,,,,1.0,,1680000,,PLN
Firma,,Tak,Tak,Lamborghini,Huracan,LP610-4,,2016,17 000 km,5 204 cm3,Benzyna,610 KM,Automatyczna,,4x4 (stały),,,,,17 l/100km,Coupe,2,2.0,Niebieski,,Metalik,,,Tak,,Tak,,Tak,,Tak,,Tak,Tak,Używane,1.0,,,,,,,1.0,1.0,,,1.0,1.0,,1.0,,,,,,,,,,,,,,,,1.0,,,,1.0,,,,,,,,,,,,,1.0,,1.0,1.0,1.0,1.0,,,,,,,,1.0,,1.0,,1.0,,,,,1.0,,1.0,1.0,1.0,1.0,,1.0,,,,,,,,,1.0,,,,,,1.0,1.0,,,1.0,,,,,,1.0,1.0,,,,,,,,,,,,,,,,,,1.0,,,,,,,,,,,,1.0,,,,1.0,,,,,,,1.0,,,,1.0,,,,1.0,,,1.0,,,,,1.0,,1.0,,,,1.0,,,,,,,,,,,,1.0,,1.0,1.0,,1.0,1.0,1280000,,PLN
Prywatne,,Tak,Tak,Lamborghini,Huracan,LP 610-4,,2016,86 000 km,5 204 cm3,Benzyna,610 KM,Automatyczna,,4x4 (stały),,,290 g/km,,"17,80 l/100km",Coupe,2,,Żółty,,,,,,,,,,,,,,,Używane,1.0,,,,,,,1.0,,,,1.0,1.0,,1.0,,,,,,,,,,,,,,,,1.0,,,,,,,,,,,,,,,,,,1.0,,,,1.0,,,,,,,,1.0,,1.0,,,,,,,,,,1.0,1.0,,,1.0,,,,,,,,,1.0,,,,1.0,,,,,1.0,,,,,,,,1.0,,,,,,,,,,,,,,,,,,1.0,,,,,,,,,,,,,,,,1.0,,,,,,,1.0,,,,,,,,1.0,,,,,,,,,,1.0,,,1.0,,,,,,,,,,,,,,,,1.0,,,1.0,890000,,PLN
Firma,,Tak,,Lamborghini,Urus,Standard,,2019,22 991 km,3 996 cm3,Benzyna,650 KM,Automatyczna,,4x4 (stały),,,,,,SUV,5,5.0,Niebieski,,,,,,,,,,,,,,,Używane,1.0,,1.0,1.0,,,,,1.0,,,1.0,1.0,,1.0,,,,,,,,,,,,1.0,,,,1.0,,,,,,,,,,1.0,,,,,,,1.0,,,1.0,1.0,1.0,1.0,,,,,,,1.0,,1.0,,1.0,,,,,,,,1.0,1.0,,,1.0,,,,,,,1.0,,1.0,,1.0,1.0,,,1.0,,,,1.0,,,,,,,1.0,1.0,,,,,,,,,,,,,,1.0,,,1.0,,,1.0,1.0,,,,,,,,1.0,,,,1.0,,1.0,1.0,,,1.0,,,,,,,,,,1.0,,,1.0,,,,,,1.0,,,1.0,,,1.0,,,,,,,,,,,,1.0,,,,,599000,,PLN
Firma,,Tak,,Lamborghini,Aventador,S,,2020,8 468 km,6 498 cm3,Benzyna,740 KM,Automatyczna,,4x4 (dołączany automatycznie),,,,,26 l/100km,Coupe,2,2.0,Żółty,,Metalik,,Polska,,,Tak,,Tak,,Tak,,Tak,Tak,Używane,,,,,,,,,,,,,,,,,,,,,,,,,,,,,,,,,,,,,,,,,,,,,,,,,,,,,,,,,,,,,,,,,,,,,,,,,,,,,,,,,,,,,,,,,,,,,,,,,,,,,,,,,,,,,,,,,,,,,,,,,,,,,,,,,,,,,,,,,,,,,,,,,,,,,,,,,,,,,,,,,,,,,,,,,,,,,,,,,,,,,,,,,2300000,,PLN
Prywatne,,Tak,,Lamborghini,Urus,Standard,,2021,12 000 km,3 996 cm3,Benzyna,650 KM,Automatyczna,,,,,,,,SUV,5,5.0,Biały,,,,,,,,,,,,,,,Używane,1.0,,1.0,1.0,,,,,1.0,,,1.0,1.0,,1.0,,,,,,,,,,,,1.0,,,,1.0,,,,,,,,,,1.0,,,,,,,1.0,,,1.0,1.0,1.0,1.0,,,,,,,1.0,,1.0,,1.0,,,,,,,,1.0,1.0,,,1.0,,,,,,,1.0,,1.0,,1.0,1.0,,,1.0,,,,1.0,,,,,,,1.0,1.0,,,,,,,,,,,,,,1.0,,,1.0,,,1.0,1.0,,,,,,,,1.0,,,,1.0,,1.0,1.0,,,1.0,,,,,,,,,,1.0,,,1.0,,,,,,1.0,,,1.0,,,1.0,,,,,,,,,,,,1.0,,,,,2300000,,PLN
Firma,,Tak,,Lamborghini,Aventador,S,,2018,17 700 km,6 498 cm3,Benzyna,740 KM,Automatyczna,,4x4 (stały),,,,,26 l/100km,Coupe,2,2.0,Pomarańczowy,,Metalik,,Polska,,,Tak,,,,Tak,,Tak,Tak,Używane,,,,,,,,,,,,,,,,,,,,,,,,,,,,,,,,,,,,,,,,,,,,,,,,,,,,,,,,,,,,,,,,,,,,,,,,,,,,,,,,,,,,,,,,,,,,,,,,,,,,,,,,,,,,,,,,,,,,,,,,,,,,,,,,,,,,,,,,,,,,,,,,,,,,,,,,,,,,,,,,,,,,,,,,,,,,,,,,,,,,,,,,,2250000,,PLN
Firma,,Tak,,Lamborghini,Huracan,,,2020,20 700 km,5 204 cm3,Benzyna,640 KM,Automatyczna,,4x4 (stały),,,,,,Kabriolet,2,2.0,Inny kolor,,Perłowy,,Polska,,,Tak,,Tak,,Tak,,Tak,Tak,Używane,,,,,,,,,,,,,,,,,,,,,,,,,,,,,,,,,,,,,,,,,,,,,,,,,,,,,,,,,,,,,,,,,,,,,,,,,,,,,,,,,,,,,,,,,,,,,,,,,,,,,,,,,,,,,,,,,,,,,,,,,,,,,,,,,,,,,,,,,,,,,,,,,,,,,,,,,,,,,,,,,,,,,,,,,,,,,,,,,,,,,,,,,1750000,,PLN
Firma,,Tak,Tak,Lamborghini,Urus,,,2018,51 300 km,3 996 cm3,Benzyna,650 KM,Automatyczna,,4x4 (stały),,,,,,SUV,4,5.0,Szary,,Metalik,,Polska,,,Tak,,Tak,,Tak,,Tak,Tak,Używane,,1.0,1.0,,,,,1.0,1.0,,,,,,,,,,,,,,,,,,,,,,,,,,1.0,,,1.0,,,,,,,,1.0,,1.0,,,,1.0,,1.0,,1.0,,,,,1.0,1.0,,,1.0,,,1.0,,1.0,,1.0,1.0,1.0,1.0,,,,,,,1.0,,,,,,1.0,1.0,,,,,,1.0,1.0,,,,,,1.0,1.0,,,,,,,,,,,1.0,,,1.0,,,,,,,,,,,,,,,,1.0,,1.0,,1.0,,1.0,1.0,,,,1.0,,,,,,,,,,,,,,,,1.0,,,,,1.0,,,,,1.0,,1.0,,,,1.0,,1.0,,1.0,1.0,,,1.0,1299900,,PLN
Prywatne,,Tak,Tak,Lamborghini,Huracan,,,2022,10 000 km,5 204 cm3,Benzyna,610 KM,Automatyczna,,Na tylne koła,,,285 g/km,,17 l/100km,Kabriolet,2,,Żółty,,,,,Tak,,,,,,,,,,Używane,1.0,,,,,,,1.0,1.0,,,1.0,1.0,,1.0,,,,,,,,,,,,,,,,1.0,,,,,,,,,,,,,,,,,,,1.0,1.0,1.0,1.0,,,,,,,,,,1.0,,,,,,,,,,1.0,1.0,,,,,,,,,,,,1.0,,,,,,,,,,1.0,,,,,,1.0,1.0,,,,,,,,,,,,,,,,,,1.0,,,,,,,,,,,,1.0,,,,,,,,,,,1.0,,,,,,,,1.0,,,,,,,,,,1.0,,,1.0,,,,,,,,,,,,,1.0,,,,,,,1722000,,PLN
Firma,,Tak,Tak,Lamborghini,Aventador,Roadster LP700-4,,2014,13 000 km,6 498 cm3,Benzyna,700 KM,Automatyczna,,4x4 (dołączany automatycznie),,,,,24 l/100km,Kabriolet,2,2.0,Żółty,,Metalik,,Polska,Tak,,Tak,,Tak,,Tak,,Tak,Tak,Używane,1.0,,,,,,,1.0,1.0,,,1.0,1.0,,1.0,,,,,,,,,,,,,,,,1.0,,1.0,,1.0,,,,,,,,,,,,,1.0,,1.0,1.0,1.0,1.0,1.0,,,,,,,1.0,,1.0,,1.0,,,,,1.0,,,1.0,1.0,1.0,,,,,,1.0,,,,,1.0,,1.0,1.0,,,,,,,,1.0,,,,,1.0,1.0,,,,,,,,,,,1.0,,,,1.0,,,,,,1.0,,,,,,1.0,1.0,,1.0,,,,1.0,,,,,,,1.0,,,,,,,,1.0,1.0,,,,,,,1.0,,1.0,,,1.0,,,,,,,1.0,,,1.0,,,1.0,,1.0,1.0,,,1.0,1649000,,PLN
Firma,,Tak,Tak,Lamborghini,Huracan,,,2018,12 000 km,5 204 cm3,Benzyna,610 KM,Automatyczna,,4x4 (stały),,,,,,Kabriolet,2,2.0,Niebieski,,Metalik,,Polska,Tak,,Tak,,Tak,,Tak,,Tak,Tak,Używane,1.0,,,,,,,1.0,,,,1.0,1.0,,1.0,,,,,,,,,,,,,,,,1.0,,1.0,,1.0,,,,,,,,,,,,,1.0,,1.0,,1.0,1.0,,,,,,,,1.0,,,,1.0,,,,,1.0,,,1.0,1.0,,,,,,,1.0,,,,,1.0,,1.0,1.0,,,,,,,,,,,,,1.0,,,,,,,,,,,,,,,,,,,1.0,,,,,,,,,,,,,,,,,,,,,,,1.0,,1.0,,1.0,1.0,,,1.0,,,,,1.0,,,1.0,,1.0,,,,1.0,,1.0,,,,,,,,,,,,,1.0,,,1.0,1470000,,PLN
Firma,,Tak,Tak,Lamborghini,Aventador,S,,2022,1 476 km,6 498 cm3,Benzyna,740 KM,Automatyczna,,4x4 (stały),,,,,26 l/100km,Kabriolet,2,2.0,Niebieski,,Perłowy,,Polska,,,Tak,19 Stycznia 2025,Tak,,Tak,,Tak,Tak,Używane,1.0,,,,,,,,,,,1.0,1.0,,,,,,,,,,,,,,,,,,1.0,,1.0,,,,,,,,,,,,,,,1.0,1.0,,1.0,,1.0,,,,,,,,1.0,,1.0,,1.0,,,,,,,,1.0,,,,1.0,,,,,,,,,1.0,,,,1.0,,,1.0,,,,1.0,,,,,,1.0,,,,,,,,,,,,,,,,,,1.0,,,,,,,,,,,,,,,,,,,,,,,,,,,,,,,,1.0,,,,,,,,,1.0,,,,1.0,,,,,,1.0,,,1.0,,,,,,,,,,3890000,,PLN
Firma,,Tak,,Lamborghini,Huracan,,,2022,3 096 km,5 204 cm3,Benzyna,640 KM,Automatyczna,,4x4 (stały),,,,,,Coupe,2,2.0,Fioletowy,,Perłowy,,Polska,,,Tak,,Tak,,Tak,,Tak,Tak,Używane,,,,,,,,,,,,,,,,,,,,,,,,,,,,,,,,,,,,,,,,,,,,,,,,,,,,,,,,,,,,,,,,,,,,,,,,,,,,,,,,,,,,,,,,,,,,,,,,,,,,,,,,,,,,,,,,,,,,,,,,,,,,,,,,,,,,,,,,,,,,,,,,,,,,,,,,,,,,,,,,,,,,,,,,,,,,,,,,,,,,,,,,,1929900,,PLN
Firma,,Tak,,Lamborghini,Huracan,,,2022,6 242 km,5 204 cm3,Benzyna,610 KM,Automatyczna,,Na tylne koła,,,,,,Coupe,2,2.0,Zielony,,,,Polska,,Tak,,,Tak,,Tak,,Tak,Tak,Używane,,,,,,,,,,,,,,,,,,,,,,,,,,,,,,,,,,,,,,,,,,,,,,,,,,,,,,,,,,,,,,,,,,,,,,,,,,,,,,,,,,,,,,,,,,,,,,,,,,,,,,,,,,,,,,,,,,,,,,,,,,,,,,,,,,,,,,,,,,,,,,,,,,,,,,,,,,,,,,,,,,,,,,,,,,,,,,,,,,,,,,,,,1600000,,PLN
Firma,,Tak,,Lamborghini,Huracan,,,2020,12 545 km,5 204 cm3,Benzyna,640 KM,Automatyczna,,,,,,,"11,30 l/100km",Kabriolet,2,2.0,Fioletowy,,,,,,,,,,,,,,,Używane,1.0,1.0,1.0,1.0,1.0,,,1.0,1.0,,,1.0,1.0,,1.0,,,,1.0,,1.0,1.0,1.0,1.0,1.0,1.0,1.0,1.0,1.0,1.0,1.0,1.0,1.0,,1.0,,,,1.0,1.0,1.0,1.0,1.0,,,1.0,,1.0,1.0,1.0,,1.0,1.0,,1.0,1.0,1.0,,,,1.0,1.0,,,1.0,,,1.0,,1.0,1.0,1.0,1.0,1.0,1.0,1.0,,,,,,1.0,,,,1.0,1.0,1.0,1.0,1.0,1.0,1.0,1.0,1.0,1.0,1.0,,,1.0,1.0,1.0,1.0,1.0,1.0,,,,1.0,,1.0,1.0,1.0,,,,1.0,1.0,1.0,1.0,1.0,1.0,,,1.0,1.0,,,,1.0,1.0,1.0,,1.0,,1.0,,1.0,,1.0,1.0,,,1.0,1.0,1.0,1.0,1.0,1.0,1.0,1.0,1.0,1.0,1.0,,1.0,1.0,1.0,,,1.0,,1.0,,,1.0,,,,,1.0,,1.0,,1.0,1.0,1.0,,,,,,,1.0,1.0,699000,,PLN
Firma,,Tak,,Lamborghini,Urus,Standard,,2021,41 000 km,3 996 cm3,Benzyna,650 KM,Automatyczna,,4x4 (stały),,,,,"11,30 l/100km",SUV,5,1.0,Szary,,,,,,,,,,,,,,,Używane,1.0,1.0,1.0,1.0,1.0,,,1.0,1.0,,,1.0,1.0,,1.0,,,,1.0,,1.0,1.0,1.0,1.0,1.0,1.0,1.0,1.0,1.0,1.0,1.0,1.0,1.0,,1.0,,,1.0,1.0,1.0,1.0,1.0,1.0,,,1.0,,1.0,1.0,1.0,,1.0,1.0,,1.0,1.0,1.0,,,,1.0,1.0,,,1.0,,,1.0,,1.0,1.0,1.0,1.0,1.0,1.0,1.0,,,,,,1.0,,,,1.0,1.0,1.0,1.0,1.0,1.0,1.0,1.0,1.0,1.0,1.0,,,1.0,1.0,1.0,1.0,1.0,1.0,,,,1.0,,1.0,1.0,1.0,,,,1.0,1.0,1.0,1.0,1.0,1.0,,,1.0,1.0,,,,1.0,1.0,1.0,,1.0,,1.0,,1.0,,1.0,1.0,,,1.0,1.0,1.0,1.0,1.0,1.0,1.0,1.0,1.0,1.0,1.0,,1.0,1.0,1.0,,,1.0,,1.0,,,1.0,,,,,1.0,,1.0,,1.0,1.0,1.0,,,,,,,1.0,1.0,599000,,PLN
Firma,,Tak,,Lamborghini,Diablo,,,1993,32 164 km,5 707 cm3,Benzyna,492 KM,Manualna,,Na tylne koła,,,,,,Coupe,2,2.0,Czerwony,,,,,,Tak,,,,,Tak,,,,Używane,1.0,,,,,,,1.0,,,,,,,,,,,,,,,,,,,,,,,,,,,,,,,,,,,,,,,,,,,,,,,,,,,,,,,,,,,,,,,,,,,,,1.0,,,,,,,,,,,,,,,,,,,,,,,,,1.0,,,,,,,,,,,,,,,,,,,,,,,,,,,,,,,,,,,1.0,,,,,,,,,,,,,,,,,,,,,,,,,,,,1.0,,,,,,,,,,,,,,,,,,,,1299900,,PLN
Firma,,Tak,,Lamborghini,Urus,,,2020,46 830 km,3 996 cm3,Benzyna,650 KM,Automatyczna,,4x4 (dołączany automatycznie),,,,,,SUV,5,4.0,Szary,,Metalik,,Polska,,,,,,,Tak,,Tak,Tak,Używane,1.0,1.0,1.0,,,,,1.0,1.0,,,1.0,1.0,,1.0,,,,,,,,,,,1.0,,,1.0,,,,1.0,,1.0,,,1.0,1.0,,,,1.0,,,1.0,,1.0,1.0,1.0,,1.0,1.0,,,1.0,1.0,,,,1.0,1.0,,,1.0,,,1.0,,1.0,,1.0,1.0,1.0,1.0,1.0,,,,,,1.0,,1.0,,1.0,1.0,1.0,1.0,1.0,1.0,1.0,1.0,1.0,,1.0,,,,1.0,,1.0,1.0,1.0,,,,,,1.0,,1.0,,,,,,1.0,,1.0,1.0,,,1.0,1.0,,,,,,,,1.0,,1.0,,1.0,,1.0,1.0,,,1.0,1.0,1.0,,,1.0,,,,,1.0,,1.0,,1.0,,,1.0,,1.0,,,1.0,,,,,1.0,,1.0,,1.0,,1.0,,,,,1.0,,1.0,1.0,1199900,,PLN
Prywatne,,Tak,,Lamborghini,Aventador,LP 700-4 Roadster,,2015,3 500 km,6 498 cm3,Benzyna,700 KM,Automatyczna,,,,,,,"24,70 l/100km",Coupe,2,,Złoty,,,,,,,,,,,,,,,Używane,,,,,,,,,,,,,,,,,,,,,,,,,,,,,,,,,,,,,,,,,,,,,,,,,,,,,,,,,,,,,,,,,,,,,,,,,,,,,,,,,,,,,,,,,,,,,,,,,,,,,,,,,,,,,,,,,,,,,,,,,,,,,,,,,,,,,,,,,,,,,,,,,,,,,,,,,,,,,,,,,,,,,,,,,,,,,,,,,,,,,,,,,369000,,EUR
Prywatne,,Tak,Tak,Lamborghini,Huracan,Performante,,2018,19 000 km,5 204 cm3,Benzyna,640 KM,Automatyczna,,4x4 (stały),,,314 g/km,,19 l/100km,Coupe,2,2.0,Biały,,,,,,,,,,,Tak,,Tak,Tak,Używane,,,,,,,,,,,,,,,,,,,,,,,,,,,,,,,,,,,,,,,,,,,,,,,,,,,,,,,,,,,,,,,,,,,,,,,,,,,,,,,,,,,,,,,,,,,,,,,,,,,,,,,,,,,,,,,,,,,,,,,,,,,,,,,,,,,,,,,,,,,,,,,,,,,,,,,,,,,,,,,,,,,,,,,,,,,,,,,,,,,,,,,,,1399000,,PLN
Firma,,Tak,Tak,Lamborghini,Urus,,,2019,29 500 km,3 996 cm3,Benzyna,650 KM,Automatyczna,,,,,,,,SUV,5,,Biały,,,,Polska,,,,15 Sierpnia 2024,,,,,Tak,Tak,Używane,1.0,1.0,1.0,1.0,1.0,,,1.0,1.0,,,1.0,1.0,,1.0,,,,,,1.0,1.0,,,,1.0,1.0,1.0,1.0,1.0,1.0,,1.0,,1.0,,,,,1.0,,,1.0,,,1.0,,1.0,1.0,1.0,1.0,1.0,1.0,1.0,,1.0,1.0,,,,1.0,1.0,1.0,,1.0,,,1.0,,1.0,1.0,1.0,1.0,1.0,1.0,1.0,,,,,,1.0,,1.0,,1.0,1.0,1.0,1.0,1.0,1.0,1.0,1.0,1.0,1.0,1.0,,,,,1.0,1.0,1.0,1.0,,,,,,1.0,1.0,1.0,,1.0,,1.0,1.0,1.0,1.0,1.0,1.0,,,1.0,1.0,,,,,1.0,1.0,,1.0,,1.0,,1.0,,1.0,1.0,,,1.0,1.0,1.0,1.0,,1.0,1.0,,1.0,1.0,1.0,,1.0,1.0,1.0,,,,,1.0,,,1.0,,,1.0,,,,1.0,,1.0,1.0,,,,,1.0,1.0,,1.0,1.0,276750,,EUR
Firma,,,,Lamborghini,Huracan,Performante,,2022,56 km,5 204 cm3,Benzyna,640 KM,Automatyczna,,,,,,,19 l/100km,Coupe,2,2.0,Czarny,,Metalik,,,,,,,,,,,Tak,,Nowe,1.0,,,,,,,1.0,,,,1.0,1.0,,,,,,,,,,,,,,,,,,1.0,,,,,,,,,,,,1.0,,,,,,1.0,,1.0,,1.0,,,,,,,,1.0,,1.0,,1.0,,,,,,,,1.0,1.0,,,1.0,,,,,,,,,1.0,,1.0,1.0,1.0,,,,,1.0,1.0,,,,,,,1.0,,,,,,,,,,,,,,,,,,1.0,,,,,,,,,,,,,,,,1.0,,,,,,,1.0,,,,,,,,1.0,1.0,,,,,,,,,1.0,,,1.0,,,1.0,,,,,,1.0,,,,,,,,,,,2029500,,PLN
Firma,,Tak,,Lamborghini,Aventador,Roadster LP750-4 SuperVeloce,,2017,7 690 km,6 498 cm3,Benzyna,750 KM,Automatyczna,,4x4 (stały),,,370 g/km,,24 l/100km,Coupe,2,2.0,Żółty,,Metalik,,,,Tak,,,,,,,Tak,Tak,Używane,1.0,,,,,,,1.0,,,,1.0,1.0,,1.0,,,,,,,,,,,,,,,,,,,,,,,,,,,,,,,,,,1.0,,,,1.0,,1.0,,,,,,,,1.0,,1.0,,,,,,,,1.0,,1.0,,1.0,,,,,,,,,1.0,,,,,,,,,,,1.0,,,,,1.0,1.0,,,,,,,,,,,,,,,,,,1.0,,,,,,,,,,,,,,,,1.0,,,,,,,1.0,1.0,,,,,,,,1.0,,1.0,,,,,,,,,,,,,,,,,,,,,,,,,,,,1.0,,2580000,,PLN
Prywatne,,Tak,Tak,Lamborghini,Murcielago,LP640 Roadster,,2008,12 826 km,6 496 cm3,Benzyna,640 KM,Manualna,,4x4 (stały),,,495 g/km,,"32,30 l/100km",Kabriolet,2,2.0,Niebieski,,Perłowy,,Austria,,,,,,,Tak,,Tak,Tak,Używane,1.0,,,,,,,1.0,,,,1.0,1.0,,1.0,,,,,,,,,,,,,,,,1.0,,,,,,,,,,,,1.0,,,,,,,,1.0,,1.0,,,,,,,,,,1.0,,,,,,,,,,,,,,1.0,,,,,,,,,1.0,,,,,,,,,,,,1.0,,,,,1.0,,,,,,,,,,,,,,,,,,1.0,,,,,,,,,,,,,,,,1.0,,,,,,,,1.0,,,,,,,,1.0,,,,,,,,,,,,1.0,,,,,,,,,,,,,,,,,,,,1650000,,PLN
Firma,,Tak,,Lamborghini,Huracan,Performante,,2020,19 000 km,5 204 cm3,Benzyna,640 KM,Automatyczna,,4x4 (stały),,,314 g/km,,19 l/100km,Coupe,2,,Niebieski,,,,,,,,,,,,,,,Używane,,,,,,,,,,,,,,,,,,,,,,,,,,,,,,,,,,,,,,,,,,,,,,,,,,,,,,,,,,,,,,,,,,,,,,,,,,,,,,,,,,,,,,,,,,,,,,,,,,,,,,,,,,,,,,,,,,,,,,,,,,,,,,,,,,,,,,,,,,,,,,,,,,,,,,,,,,,,,,,,,,,,,,,,,,,,,,,,,,,,,,,,,1250000,,PLN
